Farmer_ID,Region,Crop,Coop_Member,Farm_Size_Ha,Loan_Amount_TZS,Probability_of_Default,LGD,Expected_Loss_TZS,Actual_Default,Risk_Category
NMB-AGRI-01889,0.572020725388601,0.5689655172413793,True,7.8,4909000,77.3,0.45,1708418,1,VERY_HIGH
NMB-AGRI-00419,0.5649157581764123,0.5583398590446359,True,0.6,4446000,81.9,0.45,1637905,1,VERY_HIGH
NMB-AGRI-04643,0.5788402848423194,0.5649671052631579,True,1.0,4988000,72.3,0.45,1621754,0,VERY_HIGH
NMB-AGRI-02606,0.572020725388601,0.5640031031807603,False,5.8,4756000,73.5,0.45,1573523,0,VERY_HIGH
NMB-AGRI-02013,0.572020725388601,0.5649671052631579,True,1.0,4605000,75.8,0.45,1570453,1,VERY_HIGH
NMB-AGRI-03177,0.5649157581764123,0.5583398590446359,True,5.8,4845000,71.8,0.45,1565390,0,VERY_HIGH
NMB-AGRI-04192,0.56640625,0.5640031031807603,False,0.5,4807000,70.3,0.45,1521658,1,VERY_HIGH
NMB-AGRI-04587,0.56640625,0.5649671052631579,False,1.2,4871000,68.7,0.45,1505137,1,HIGH
NMB-AGRI-03986,0.5788402848423194,0.5649671052631579,True,7.5,4849000,67.9,0.45,1480627,1,HIGH
NMB-AGRI-01090,0.56640625,0.5689655172413793,False,8.1,4447000,73.5,0.45,1471683,0,VERY_HIGH
NMB-AGRI-02164,0.5649157581764123,0.5583398590446359,False,6.1,4607000,69.7,0.45,1445650,0,HIGH
NMB-AGRI-00656,0.5387634936211972,0.5689655172413793,True,0.8,4795000,66.5,0.45,1435740,0,HIGH
NMB-AGRI-03909,0.56640625,0.5583398590446359,True,7.0,4625000,68.7,0.45,1430063,0,HIGH
NMB-AGRI-03300,0.5387634936211972,0.5649671052631579,True,4.8,4564000,68.8,0.45,1413478,1,HIGH
NMB-AGRI-02319,0.5788402848423194,0.5649671052631579,True,1.7,4853000,64.2,0.45,1401915,1,HIGH
NMB-AGRI-00795,0.572020725388601,0.5649671052631579,False,7.8,4742000,64.7,0.45,1381250,1,HIGH
NMB-AGRI-04632,0.5387634936211972,0.5583398590446359,True,2.7,4931000,62.2,0.45,1380322,0,HIGH
NMB-AGRI-04861,0.5649157581764123,0.5649671052631579,True,7.7,4784000,63.7,0.45,1371105,1,HIGH
NMB-AGRI-02377,0.5387634936211972,0.5583398590446359,False,2.9,4735000,64.1,0.45,1366700,0,HIGH
NMB-AGRI-03341,0.5788402848423194,0.5583398590446359,True,5.4,4707000,64.3,0.45,1362559,1,HIGH
NMB-AGRI-00599,0.56640625,0.5583398590446359,True,5.7,4731000,63.9,0.45,1360617,1,HIGH
NMB-AGRI-03481,0.56640625,0.5640031031807603,False,5.2,4243000,71.1,0.45,1357439,1,VERY_HIGH
NMB-AGRI-01815,0.5649157581764123,0.5583398590446359,False,6.5,4475000,67.2,0.45,1353776,0,HIGH
NMB-AGRI-00182,0.5387634936211972,0.5640031031807603,True,2.7,4790000,62.7,0.45,1352180,1,HIGH
NMB-AGRI-00929,0.56640625,0.5649671052631579,False,4.0,4834000,62.1,0.45,1351328,1,HIGH
NMB-AGRI-03837,0.5649157581764123,0.5649671052631579,False,2.1,4912000,61.0,0.45,1349433,0,HIGH
NMB-AGRI-04503,0.5387634936211972,0.5649671052631579,True,5.9,4431000,67.6,0.45,1348170,1,HIGH
NMB-AGRI-03306,0.572020725388601,0.5640031031807603,False,3.3,4527000,65.9,0.45,1341481,1,HIGH
NMB-AGRI-00690,0.56640625,0.5649671052631579,False,3.1,4992000,59.6,0.45,1338883,0,HIGH
NMB-AGRI-02563,0.56640625,0.5689655172413793,False,6.1,4404000,67.3,0.45,1333870,0,HIGH
NMB-AGRI-00152,0.5387634936211972,0.5583398590446359,False,4.6,4811000,61.5,0.45,1332484,1,HIGH
NMB-AGRI-04406,0.572020725388601,0.5649671052631579,True,7.0,3997000,73.7,0.45,1325269,1,VERY_HIGH
NMB-AGRI-01383,0.5788402848423194,0.5640031031807603,True,1.2,4952000,59.4,0.45,1324552,0,HIGH
NMB-AGRI-03018,0.5649157581764123,0.5689655172413793,False,9.4,4954000,59.3,0.45,1322311,0,HIGH
NMB-AGRI-04616,0.572020725388601,0.5649671052631579,True,5.0,4917000,59.6,0.45,1317714,0,HIGH
NMB-AGRI-00340,0.5387634936211972,0.5649671052631579,False,4.8,4504000,65.0,0.45,1316408,1,HIGH
NMB-AGRI-02671,0.5788402848423194,0.5583398590446359,True,1.4,4525000,64.5,0.45,1312967,0,HIGH
NMB-AGRI-01761,0.5387634936211972,0.5583398590446359,True,4.7,4948000,58.9,0.45,1312400,1,HIGH
NMB-AGRI-04895,0.572020725388601,0.5640031031807603,True,2.5,4927000,59.1,0.45,1310277,1,HIGH
NMB-AGRI-01702,0.5649157581764123,0.5583398590446359,True,1.2,4962000,58.1,0.45,1298266,1,HIGH
NMB-AGRI-04886,0.5788402848423194,0.5583398590446359,False,2.0,4447000,64.8,0.45,1297015,0,HIGH
NMB-AGRI-04562,0.56640625,0.5583398590446359,True,6.4,4740000,60.7,0.45,1294444,0,HIGH
NMB-AGRI-00849,0.5788402848423194,0.5640031031807603,False,1.9,4023000,71.2,0.45,1289073,1,VERY_HIGH
NMB-AGRI-01008,0.5649157581764123,0.5689655172413793,True,7.8,4910000,58.1,0.45,1284687,0,HIGH
NMB-AGRI-03579,0.5788402848423194,0.5583398590446359,False,9.5,4887000,58.4,0.45,1284576,1,HIGH
NMB-AGRI-02165,0.5788402848423194,0.5583398590446359,False,9.7,3971000,71.6,0.45,1280070,0,VERY_HIGH
NMB-AGRI-04989,0.56640625,0.5640031031807603,False,5.7,4826000,58.9,0.45,1278688,1,HIGH
NMB-AGRI-00924,0.5788402848423194,0.5583398590446359,False,1.9,3960000,71.6,0.45,1276545,0,VERY_HIGH
NMB-AGRI-01864,0.5649157581764123,0.5640031031807603,True,0.7,4200000,67.5,0.45,1275889,0,HIGH
NMB-AGRI-00449,0.572020725388601,0.5689655172413793,False,5.1,4327000,65.4,0.45,1273305,0,HIGH
NMB-AGRI-03712,0.5788402848423194,0.5689655172413793,True,4.6,4540000,62.3,0.45,1272428,1,HIGH
NMB-AGRI-02913,0.56640625,0.5649671052631579,True,8.0,4899000,57.5,0.45,1267604,1,HIGH
NMB-AGRI-01100,0.56640625,0.5689655172413793,False,8.9,4974000,56.6,0.45,1266911,1,HIGH
NMB-AGRI-02792,0.56640625,0.5583398590446359,True,7.0,4343000,64.7,0.45,1264830,0,HIGH
NMB-AGRI-03285,0.5387634936211972,0.5640031031807603,True,7.5,4799000,58.2,0.45,1257279,0,HIGH
NMB-AGRI-04305,0.5788402848423194,0.5583398590446359,True,2.5,4482000,62.2,0.45,1255046,0,HIGH
NMB-AGRI-03262,0.5387634936211972,0.5689655172413793,False,5.5,4622000,60.3,0.45,1254972,1,HIGH
NMB-AGRI-01534,0.56640625,0.5649671052631579,True,5.7,4542000,61.2,0.45,1251095,1,HIGH
NMB-AGRI-02765,0.56640625,0.5689655172413793,True,9.2,4831000,57.5,0.45,1251007,1,HIGH
NMB-AGRI-00136,0.5649157581764123,0.5583398590446359,True,7.7,4405000,62.9,0.45,1247163,1,HIGH
NMB-AGRI-04896,0.572020725388601,0.5640031031807603,True,0.9,4947000,55.9,0.45,1244179,1,HIGH
NMB-AGRI-01211,0.5788402848423194,0.5583398590446359,True,3.0,4868000,56.5,0.45,1237973,1,HIGH
NMB-AGRI-00084,0.5387634936211972,0.5583398590446359,True,7.9,4910000,55.9,0.45,1235418,0,HIGH
NMB-AGRI-02423,0.572020725388601,0.5640031031807603,False,8.9,4272000,64.2,0.45,1234677,0,HIGH
NMB-AGRI-03477,0.5788402848423194,0.5649671052631579,True,3.7,4287000,64.0,0.45,1234315,0,HIGH
NMB-AGRI-00086,0.5387634936211972,0.5649671052631579,True,6.6,4588000,59.6,0.45,1229508,0,HIGH
NMB-AGRI-03213,0.56640625,0.5583398590446359,False,5.9,4223000,64.7,0.45,1228758,0,HIGH
NMB-AGRI-01539,0.5649157581764123,0.5649671052631579,False,2.9,4581000,59.4,0.45,1225359,0,HIGH
NMB-AGRI-03642,0.56640625,0.5583398590446359,False,9.2,4709000,57.8,0.45,1224038,1,HIGH
NMB-AGRI-03095,0.5788402848423194,0.5583398590446359,False,3.9,4398000,61.8,0.45,1222695,1,HIGH
NMB-AGRI-02755,0.5387634936211972,0.5640031031807603,True,1.4,4470000,60.8,0.45,1222022,1,HIGH
NMB-AGRI-04707,0.5788402848423194,0.5689655172413793,True,1.0,4285000,63.3,0.45,1220431,0,HIGH
NMB-AGRI-03400,0.572020725388601,0.5583398590446359,True,7.0,4550000,59.6,0.45,1219814,0,HIGH
NMB-AGRI-03153,0.572020725388601,0.5689655172413793,False,6.4,4280000,63.0,0.45,1214180,0,HIGH
NMB-AGRI-03814,0.5649157581764123,0.5640031031807603,False,6.7,3983000,67.6,0.45,1211243,1,HIGH
NMB-AGRI-03709,0.572020725388601,0.5583398590446359,False,5.7,3911000,68.8,0.45,1211147,0,HIGH
NMB-AGRI-02392,0.572020725388601,0.5689655172413793,False,6.7,4408000,61.0,0.45,1209660,1,HIGH
NMB-AGRI-04447,0.5788402848423194,0.5640031031807603,False,2.1,4516000,59.5,0.45,1208161,1,HIGH
NMB-AGRI-01455,0.56640625,0.5689655172413793,False,3.4,4562000,58.8,0.45,1207667,0,HIGH
NMB-AGRI-04912,0.56640625,0.5649671052631579,True,4.6,4786000,55.8,0.45,1202228,1,HIGH
NMB-AGRI-03302,0.5788402848423194,0.5649671052631579,False,6.5,3819000,69.6,0.45,1196574,0,HIGH
NMB-AGRI-00272,0.5387634936211972,0.5583398590446359,True,5.9,4380000,60.6,0.45,1195085,1,HIGH
NMB-AGRI-04170,0.5387634936211972,0.5640031031807603,True,3.4,4752000,55.5,0.45,1187837,0,HIGH
NMB-AGRI-03180,0.5387634936211972,0.5649671052631579,True,5.2,3943000,66.7,0.45,1183068,1,HIGH
NMB-AGRI-04732,0.56640625,0.5689655172413793,False,3.6,4542000,57.9,0.45,1182951,0,HIGH
NMB-AGRI-01367,0.5649157581764123,0.5583398590446359,True,6.4,3535000,74.2,0.45,1179602,1,VERY_HIGH
NMB-AGRI-00842,0.5387634936211972,0.5649671052631579,True,8.9,4597000,57.0,0.45,1178287,1,HIGH
NMB-AGRI-04529,0.5649157581764123,0.5689655172413793,True,9.7,4305000,60.7,0.45,1175702,1,HIGH
NMB-AGRI-04791,0.5387634936211972,0.5649671052631579,True,8.0,3829000,68.1,0.45,1173368,1,HIGH
NMB-AGRI-00753,0.5788402848423194,0.5583398590446359,True,9.3,4828000,54.0,0.45,1172568,0,HIGH
NMB-AGRI-01754,0.5788402848423194,0.5640031031807603,False,7.4,4967000,52.4,0.45,1170755,1,HIGH
NMB-AGRI-01643,0.5387634936211972,0.5583398590446359,False,4.4,4986000,52.1,0.45,1167907,1,HIGH
NMB-AGRI-01098,0.5649157581764123,0.5689655172413793,True,9.5,4604000,56.1,0.45,1163204,0,HIGH
NMB-AGRI-02217,0.572020725388601,0.5640031031807603,False,2.8,4202000,61.4,0.45,1161942,0,HIGH
NMB-AGRI-01073,0.5788402848423194,0.5640031031807603,False,9.1,4267000,60.5,0.45,1161159,0,HIGH
NMB-AGRI-03140,0.5649157581764123,0.5640031031807603,False,8.9,4502000,57.1,0.45,1156814,1,HIGH
NMB-AGRI-01981,0.5649157581764123,0.5640031031807603,False,6.2,3704000,69.3,0.45,1155709,0,HIGH
NMB-AGRI-02152,0.56640625,0.5583398590446359,False,6.6,4227000,60.8,0.45,1155556,1,HIGH
NMB-AGRI-02589,0.5387634936211972,0.5649671052631579,True,5.8,4816000,53.3,0.45,1154121,1,HIGH
NMB-AGRI-02172,0.572020725388601,0.5640031031807603,False,6.3,4279000,59.9,0.45,1153422,0,HIGH
NMB-AGRI-04924,0.5387634936211972,0.5689655172413793,False,5.9,4514000,56.7,0.45,1150873,1,HIGH
NMB-AGRI-02945,0.572020725388601,0.5640031031807603,True,3.9,4670000,54.7,0.45,1148475,0,HIGH
NMB-AGRI-04499,0.5387634936211972,0.5583398590446359,False,5.6,4538000,56.2,0.45,1146726,1,HIGH
NMB-AGRI-00894,0.5387634936211972,0.5640031031807603,False,4.8,4626000,55.0,0.45,1145473,0,HIGH
NMB-AGRI-03167,0.5788402848423194,0.5640031031807603,True,7.0,3815000,66.5,0.45,1141955,0,HIGH
NMB-AGRI-03851,0.572020725388601,0.5640031031807603,True,4.2,4474000,56.6,0.45,1140336,0,HIGH
NMB-AGRI-01142,0.5387634936211972,0.5640031031807603,False,1.1,4803000,52.7,0.45,1139907,1,HIGH
NMB-AGRI-01853,0.5387634936211972,0.5640031031807603,False,7.0,4615000,54.7,0.45,1135410,1,HIGH
NMB-AGRI-00453,0.56640625,0.5689655172413793,False,8.7,4028000,62.5,0.45,1133367,1,HIGH
NMB-AGRI-03710,0.56640625,0.5640031031807603,True,6.6,4567000,55.1,0.45,1132263,0,HIGH
NMB-AGRI-04713,0.572020725388601,0.5640031031807603,False,9.8,4761000,52.7,0.45,1129961,0,HIGH
NMB-AGRI-04088,0.572020725388601,0.5583398590446359,False,8.0,4110000,60.9,0.45,1127171,1,HIGH
NMB-AGRI-03565,0.5649157581764123,0.5689655172413793,True,7.6,3694000,67.7,0.45,1125641,1,HIGH
NMB-AGRI-04417,0.5788402848423194,0.5640031031807603,False,1.9,3705000,67.3,0.45,1122528,0,HIGH
NMB-AGRI-02851,0.572020725388601,0.5649671052631579,False,2.2,4553000,54.5,0.45,1117085,0,HIGH
NMB-AGRI-03817,0.5649157581764123,0.5689655172413793,True,9.3,4994000,49.6,0.45,1114724,0,MEDIUM
NMB-AGRI-03209,0.5387634936211972,0.5649671052631579,True,6.6,3178000,77.8,0.45,1112061,0,VERY_HIGH
NMB-AGRI-00952,0.5649157581764123,0.5689655172413793,True,9.2,4903000,50.3,0.45,1110728,1,HIGH
NMB-AGRI-01582,0.5649157581764123,0.5640031031807603,True,2.2,4775000,51.6,0.45,1108839,1,HIGH
NMB-AGRI-00476,0.5649157581764123,0.5640031031807603,False,8.8,4681000,52.5,0.45,1106165,0,HIGH
NMB-AGRI-00401,0.56640625,0.5640031031807603,True,1.0,4566000,53.7,0.45,1104085,1,HIGH
NMB-AGRI-01044,0.5788402848423194,0.5689655172413793,False,1.9,4439000,55.2,0.45,1102560,0,HIGH
NMB-AGRI-00812,0.5387634936211972,0.5689655172413793,True,3.8,4779000,51.2,0.45,1100372,0,HIGH
NMB-AGRI-01479,0.5649157581764123,0.5640031031807603,False,2.8,4771000,51.1,0.45,1098006,0,HIGH
NMB-AGRI-04892,0.5649157581764123,0.5689655172413793,False,5.5,3968000,61.0,0.45,1089285,0,HIGH
NMB-AGRI-04314,0.56640625,0.5640031031807603,False,4.6,4681000,51.7,0.45,1088110,0,HIGH
NMB-AGRI-03073,0.5788402848423194,0.5583398590446359,True,8.4,4793000,50.3,0.45,1085387,0,HIGH
NMB-AGRI-02297,0.56640625,0.5689655172413793,True,1.3,4470000,53.8,0.45,1083074,1,HIGH
NMB-AGRI-04504,0.5649157581764123,0.5640031031807603,False,9.4,4661000,51.6,0.45,1082227,1,HIGH
NMB-AGRI-00503,0.5788402848423194,0.5583398590446359,True,0.9,3716000,64.6,0.45,1080064,1,HIGH
NMB-AGRI-02600,0.572020725388601,0.5689655172413793,True,9.6,4266000,56.2,0.45,1078840,1,HIGH
NMB-AGRI-02550,0.5649157581764123,0.5689655172413793,False,0.7,3944000,60.6,0.45,1076158,0,HIGH
NMB-AGRI-03318,0.5387634936211972,0.5649671052631579,True,6.9,4759000,50.2,0.45,1076013,0,HIGH
NMB-AGRI-01371,0.56640625,0.5583398590446359,False,9.6,4137000,57.7,0.45,1074274,1,HIGH
NMB-AGRI-01939,0.572020725388601,0.5689655172413793,True,3.6,3639000,65.6,0.45,1073979,0,HIGH
NMB-AGRI-02031,0.5788402848423194,0.5583398590446359,True,2.8,3931000,60.6,0.45,1072759,1,HIGH
NMB-AGRI-04388,0.5788402848423194,0.5640031031807603,True,1.2,4534000,52.5,0.45,1071969,0,HIGH
NMB-AGRI-03905,0.5788402848423194,0.5689655172413793,True,4.6,4190000,56.8,0.45,1071347,1,HIGH
NMB-AGRI-04081,0.56640625,0.5649671052631579,True,5.9,3637000,65.4,0.45,1070846,1,HIGH
NMB-AGRI-03199,0.5788402848423194,0.5583398590446359,True,4.0,3650000,65.0,0.45,1067595,1,HIGH
NMB-AGRI-01305,0.572020725388601,0.5583398590446359,False,9.5,4150000,57.0,0.45,1065384,0,HIGH
NMB-AGRI-04413,0.5649157581764123,0.5649671052631579,True,2.6,4548000,52.0,0.45,1064940,1,HIGH
NMB-AGRI-00489,0.572020725388601,0.5640031031807603,True,3.1,4417000,53.3,0.45,1058785,0,HIGH
NMB-AGRI-02471,0.5649157581764123,0.5583398590446359,True,6.0,3579000,65.7,0.45,1057526,1,HIGH
NMB-AGRI-02163,0.572020725388601,0.5583398590446359,False,5.8,3539000,66.2,0.45,1054230,0,HIGH
NMB-AGRI-00352,0.5387634936211972,0.5649671052631579,True,8.9,4619000,50.7,0.45,1053412,0,HIGH
NMB-AGRI-04502,0.5387634936211972,0.5649671052631579,True,9.7,4089000,57.2,0.45,1053250,0,HIGH
NMB-AGRI-00470,0.572020725388601,0.5689655172413793,True,9.7,4858000,48.2,0.45,1052841,0,MEDIUM
NMB-AGRI-00589,0.5387634936211972,0.5649671052631579,True,7.8,3074000,76.1,0.45,1052661,0,VERY_HIGH
NMB-AGRI-02173,0.5788402848423194,0.5583398590446359,False,7.0,4033000,58.0,0.45,1051858,0,HIGH
NMB-AGRI-01943,0.5649157581764123,0.5689655172413793,True,5.4,4469000,52.3,0.45,1051547,1,HIGH
NMB-AGRI-00709,0.5387634936211972,0.5640031031807603,True,7.0,3555000,65.4,0.45,1046990,0,HIGH
NMB-AGRI-02019,0.5788402848423194,0.5689655172413793,False,6.1,4030000,57.7,0.45,1046309,1,HIGH
NMB-AGRI-00267,0.5387634936211972,0.5640031031807603,True,8.5,3940000,59.0,0.45,1045974,1,HIGH
NMB-AGRI-03993,0.5387634936211972,0.5689655172413793,False,7.4,4181000,55.6,0.45,1045517,0,HIGH
NMB-AGRI-03893,0.572020725388601,0.5583398590446359,True,8.5,4957000,46.7,0.45,1042283,1,MEDIUM
NMB-AGRI-04824,0.56640625,0.5583398590446359,True,2.3,4737000,48.7,0.45,1038290,1,MEDIUM
NMB-AGRI-02873,0.5387634936211972,0.5689655172413793,False,8.6,4808000,48.0,0.45,1037862,0,MEDIUM
NMB-AGRI-04111,0.5387634936211972,0.5649671052631579,True,9.7,4586000,50.1,0.45,1034807,0,HIGH
NMB-AGRI-04140,0.5387634936211972,0.5689655172413793,True,4.6,3561000,64.5,0.45,1034225,1,HIGH
NMB-AGRI-03955,0.5387634936211972,0.5583398590446359,False,3.7,4994000,46.0,0.45,1033129,0,MEDIUM
NMB-AGRI-01951,0.572020725388601,0.5649671052631579,False,7.6,4239000,54.2,0.45,1033117,1,HIGH
NMB-AGRI-04834,0.5649157581764123,0.5583398590446359,True,9.1,4302000,53.3,0.45,1030968,0,HIGH
NMB-AGRI-04652,0.5788402848423194,0.5649671052631579,False,9.0,4420000,51.8,0.45,1029954,0,HIGH
NMB-AGRI-00037,0.56640625,0.5649671052631579,False,8.5,4551000,50.3,0.45,1029930,1,HIGH
NMB-AGRI-00374,0.5387634936211972,0.5689655172413793,False,8.0,4054000,56.4,0.45,1028638,1,HIGH
NMB-AGRI-00357,0.56640625,0.5649671052631579,True,8.2,4546000,50.3,0.45,1028621,0,HIGH
NMB-AGRI-04067,0.56640625,0.5689655172413793,False,9.0,3958000,57.6,0.45,1025863,1,HIGH
NMB-AGRI-03298,0.5649157581764123,0.5689655172413793,True,1.3,3706000,61.0,0.45,1016713,0,HIGH
NMB-AGRI-00110,0.5387634936211972,0.5689655172413793,True,4.2,4698000,48.0,0.45,1013842,1,MEDIUM
NMB-AGRI-04320,0.56640625,0.5649671052631579,True,1.6,3634000,62.0,0.45,1013659,1,HIGH
NMB-AGRI-04234,0.5649157581764123,0.5689655172413793,False,9.3,4139000,54.3,0.45,1011914,1,HIGH
NMB-AGRI-00657,0.572020725388601,0.5649671052631579,False,0.6,3330000,67.5,0.45,1011415,1,HIGH
NMB-AGRI-04146,0.5387634936211972,0.5583398590446359,False,5.9,4428000,50.7,0.45,1011193,1,HIGH
NMB-AGRI-03603,0.5788402848423194,0.5640031031807603,True,4.3,3403000,65.8,0.45,1007845,1,HIGH
NMB-AGRI-02844,0.572020725388601,0.5649671052631579,True,3.4,3587000,62.4,0.45,1007571,1,HIGH
NMB-AGRI-04301,0.56640625,0.5583398590446359,True,4.9,4131000,53.8,0.45,1000776,1,HIGH
NMB-AGRI-02505,0.572020725388601,0.5689655172413793,False,4.5,3403000,65.3,0.45,1000273,0,HIGH
NMB-AGRI-04063,0.572020725388601,0.5640031031807603,True,1.1,3836000,57.8,0.45,998455,0,HIGH
NMB-AGRI-04820,0.5387634936211972,0.5649671052631579,False,6.5,4222000,52.4,0.45,996097,0,HIGH
NMB-AGRI-01456,0.5788402848423194,0.5640031031807603,False,5.5,3708000,59.7,0.45,995503,0,HIGH
NMB-AGRI-00090,0.5788402848423194,0.5649671052631579,True,1.5,3735000,59.0,0.45,991522,0,HIGH
NMB-AGRI-01814,0.572020725388601,0.5649671052631579,False,6.4,4197000,52.5,0.45,991137,1,HIGH
NMB-AGRI-04870,0.56640625,0.5689655172413793,True,3.9,4578000,48.1,0.45,990519,0,MEDIUM
NMB-AGRI-04873,0.5788402848423194,0.5649671052631579,True,4.1,3925000,56.0,0.45,989798,1,HIGH
NMB-AGRI-01540,0.572020725388601,0.5649671052631579,True,3.4,4995000,44.0,0.45,988441,1,MEDIUM
NMB-AGRI-01779,0.5649157581764123,0.5583398590446359,True,8.7,4254000,51.6,0.45,987516,1,HIGH
NMB-AGRI-03583,0.56640625,0.5649671052631579,True,0.8,4214000,52.1,0.45,987277,0,HIGH
NMB-AGRI-03218,0.5649157581764123,0.5640031031807603,False,3.1,4989000,43.9,0.45,986330,1,MEDIUM
NMB-AGRI-00370,0.572020725388601,0.5689655172413793,False,9.2,3874000,56.5,0.45,985083,1,HIGH
NMB-AGRI-04138,0.5788402848423194,0.5640031031807603,True,8.9,4393000,49.5,0.45,977920,0,MEDIUM
NMB-AGRI-01544,0.5788402848423194,0.5640031031807603,False,0.9,3548000,60.8,0.45,970023,0,HIGH
NMB-AGRI-01258,0.5788402848423194,0.5689655172413793,True,2.2,4340000,49.7,0.45,969771,1,MEDIUM
NMB-AGRI-02320,0.572020725388601,0.5583398590446359,False,8.2,3646000,59.0,0.45,968594,0,HIGH
NMB-AGRI-01117,0.56640625,0.5640031031807603,False,9.0,3539000,60.7,0.45,966067,1,HIGH
NMB-AGRI-00829,0.5387634936211972,0.5649671052631579,False,9.7,4008000,53.6,0.45,966058,1,HIGH
NMB-AGRI-01737,0.56640625,0.5689655172413793,False,7.3,3227000,66.1,0.45,959905,0,HIGH
NMB-AGRI-04674,0.572020725388601,0.5689655172413793,True,4.5,4194000,50.7,0.45,957274,1,HIGH
NMB-AGRI-02968,0.572020725388601,0.5689655172413793,True,7.5,3464000,61.3,0.45,956279,0,HIGH
NMB-AGRI-04968,0.56640625,0.5649671052631579,True,2.8,3625000,58.6,0.45,955484,1,HIGH
NMB-AGRI-01569,0.5788402848423194,0.5689655172413793,True,3.1,3611000,58.7,0.45,953300,1,HIGH
NMB-AGRI-02239,0.5788402848423194,0.5583398590446359,False,2.5,3833000,55.2,0.45,951876,1,HIGH
NMB-AGRI-03074,0.5649157581764123,0.5640031031807603,False,4.8,4527000,46.7,0.45,951247,1,MEDIUM
NMB-AGRI-01497,0.56640625,0.5689655172413793,True,0.6,4164000,50.8,0.45,950985,1,HIGH
NMB-AGRI-02100,0.5788402848423194,0.5649671052631579,True,2.7,4225000,49.9,0.45,949206,1,MEDIUM
NMB-AGRI-01819,0.572020725388601,0.5649671052631579,True,5.4,3963000,53.1,0.45,946539,1,HIGH
NMB-AGRI-03254,0.56640625,0.5640031031807603,False,1.6,4297000,48.9,0.45,945584,1,MEDIUM
NMB-AGRI-03487,0.5387634936211972,0.5583398590446359,False,2.4,3465000,60.6,0.45,944930,1,HIGH
NMB-AGRI-03464,0.572020725388601,0.5649671052631579,True,6.1,3730000,56.3,0.45,944831,0,HIGH
NMB-AGRI-03992,0.5387634936211972,0.5640031031807603,True,6.3,4281000,48.8,0.45,940808,0,MEDIUM
NMB-AGRI-00477,0.5387634936211972,0.5689655172413793,False,1.5,4428000,47.2,0.45,939791,0,MEDIUM
NMB-AGRI-04107,0.5788402848423194,0.5649671052631579,False,8.5,4169000,50.0,0.45,938917,0,MEDIUM
NMB-AGRI-01847,0.572020725388601,0.5583398590446359,True,3.4,3535000,58.9,0.45,937523,0,HIGH
NMB-AGRI-03887,0.5788402848423194,0.5640031031807603,False,7.3,3990000,52.2,0.45,936361,1,HIGH
NMB-AGRI-00751,0.5649157581764123,0.5583398590446359,False,1.0,4517000,45.7,0.45,929909,1,MEDIUM
NMB-AGRI-04639,0.56640625,0.5689655172413793,True,4.7,4565000,45.2,0.45,928328,1,MEDIUM
NMB-AGRI-02769,0.5788402848423194,0.5689655172413793,False,1.3,3567000,57.8,0.45,927810,0,HIGH
NMB-AGRI-03933,0.5387634936211972,0.5649671052631579,False,7.2,3154000,65.3,0.45,927277,1,HIGH
NMB-AGRI-03284,0.5387634936211972,0.5649671052631579,True,8.4,3155000,65.2,0.45,924975,1,HIGH
NMB-AGRI-00268,0.56640625,0.5649671052631579,False,9.1,3853000,53.2,0.45,922139,1,HIGH
NMB-AGRI-00715,0.5649157581764123,0.5649671052631579,True,0.6,3141000,65.1,0.45,920029,0,HIGH
NMB-AGRI-00363,0.56640625,0.5640031031807603,True,7.7,3392000,60.1,0.45,917635,0,HIGH
NMB-AGRI-00531,0.572020725388601,0.5583398590446359,True,6.0,3716000,54.8,0.45,915886,1,HIGH
NMB-AGRI-01654,0.5649157581764123,0.5689655172413793,True,1.6,3963000,51.4,0.45,915865,0,HIGH
NMB-AGRI-03422,0.56640625,0.5583398590446359,False,7.5,3405000,59.7,0.45,915005,0,HIGH
NMB-AGRI-03557,0.5649157581764123,0.5583398590446359,False,4.7,3879000,52.2,0.45,911002,1,HIGH
NMB-AGRI-02649,0.56640625,0.5640031031807603,True,5.9,3276000,61.7,0.45,909972,1,HIGH
NMB-AGRI-03000,0.5788402848423194,0.5583398590446359,True,8.8,4258000,47.4,0.45,908323,1,MEDIUM
NMB-AGRI-02536,0.5649157581764123,0.5689655172413793,False,6.7,4388000,46.0,0.45,908148,1,MEDIUM
NMB-AGRI-03537,0.5387634936211972,0.5649671052631579,True,6.7,3912000,51.5,0.45,905740,1,HIGH
NMB-AGRI-03563,0.572020725388601,0.5649671052631579,True,9.0,4872000,41.3,0.45,905530,1,MEDIUM
NMB-AGRI-02679,0.56640625,0.5583398590446359,False,3.8,3405000,59.1,0.45,905163,1,HIGH
NMB-AGRI-03914,0.5649157581764123,0.5689655172413793,False,9.4,4318000,46.6,0.45,905084,1,MEDIUM
NMB-AGRI-01930,0.5649157581764123,0.5640031031807603,False,9.4,4165000,48.2,0.45,902609,0,MEDIUM
NMB-AGRI-04952,0.5788402848423194,0.5689655172413793,True,2.0,3610000,55.5,0.45,901937,1,HIGH
NMB-AGRI-03070,0.572020725388601,0.5583398590446359,True,7.4,3457000,57.9,0.45,901341,0,HIGH
NMB-AGRI-04242,0.572020725388601,0.5583398590446359,True,9.3,3703000,54.0,0.45,899329,0,HIGH
NMB-AGRI-02761,0.5387634936211972,0.5689655172413793,True,8.6,4557000,43.8,0.45,898955,0,MEDIUM
NMB-AGRI-01894,0.5387634936211972,0.5649671052631579,True,4.7,3121000,64.0,0.45,898429,0,HIGH
NMB-AGRI-00663,0.5788402848423194,0.5640031031807603,True,6.9,2982000,66.9,0.45,897197,0,HIGH
NMB-AGRI-01321,0.5788402848423194,0.5649671052631579,True,6.1,3889000,51.2,0.45,895273,1,HIGH
NMB-AGRI-01350,0.56640625,0.5583398590446359,True,8.6,4045000,49.1,0.45,893818,1,MEDIUM
NMB-AGRI-03489,0.5649157581764123,0.5649671052631579,True,7.5,3219000,61.6,0.45,891615,0,HIGH
NMB-AGRI-04588,0.572020725388601,0.5640031031807603,False,7.9,3629000,54.6,0.45,891209,1,HIGH
NMB-AGRI-03862,0.5387634936211972,0.5583398590446359,True,6.6,3937000,50.3,0.45,890381,0,HIGH
NMB-AGRI-02092,0.5387634936211972,0.5689655172413793,False,2.4,4468000,44.3,0.45,889903,0,MEDIUM
NMB-AGRI-04106,0.5788402848423194,0.5640031031807603,False,1.7,2988000,66.2,0.45,889501,1,HIGH
NMB-AGRI-04409,0.572020725388601,0.5640031031807603,True,1.2,4293000,46.0,0.45,889093,0,MEDIUM
NMB-AGRI-02464,0.5788402848423194,0.5640031031807603,True,9.7,3006000,65.5,0.45,886649,1,HIGH
NMB-AGRI-00639,0.56640625,0.5640031031807603,True,4.9,3375000,58.4,0.45,886523,1,HIGH
NMB-AGRI-04636,0.56640625,0.5689655172413793,False,8.9,3500000,56.3,0.45,886152,1,HIGH
NMB-AGRI-02607,0.5788402848423194,0.5583398590446359,False,9.8,2646000,74.4,0.45,885741,0,VERY_HIGH
NMB-AGRI-04342,0.56640625,0.5689655172413793,True,4.8,4798000,40.9,0.45,884129,0,MEDIUM
NMB-AGRI-02313,0.572020725388601,0.5583398590446359,True,5.0,3778000,52.0,0.45,883402,0,HIGH
NMB-AGRI-04516,0.5788402848423194,0.5583398590446359,False,5.0,3182000,61.4,0.45,879217,0,HIGH
NMB-AGRI-02986,0.5788402848423194,0.5689655172413793,True,9.2,4225000,46.2,0.45,877548,0,MEDIUM
NMB-AGRI-01784,0.5649157581764123,0.5689655172413793,False,7.3,3271000,59.6,0.45,877024,0,HIGH
NMB-AGRI-00613,0.5788402848423194,0.5583398590446359,False,8.1,4460000,43.7,0.45,876825,1,MEDIUM
NMB-AGRI-01391,0.5387634936211972,0.5583398590446359,True,8.1,3254000,59.7,0.45,873868,1,HIGH
NMB-AGRI-04097,0.572020725388601,0.5640031031807603,True,4.3,3412000,56.9,0.45,873067,1,HIGH
NMB-AGRI-01262,0.572020725388601,0.5689655172413793,True,2.1,4105000,47.1,0.45,870692,0,MEDIUM
NMB-AGRI-01708,0.572020725388601,0.5640031031807603,True,3.8,2972000,65.1,0.45,870602,0,HIGH
NMB-AGRI-00240,0.5788402848423194,0.5689655172413793,True,7.2,3003000,64.4,0.45,869669,0,HIGH
NMB-AGRI-00255,0.5788402848423194,0.5689655172413793,True,2.1,3942000,48.9,0.45,867062,0,MEDIUM
NMB-AGRI-04041,0.5649157581764123,0.5583398590446359,True,6.7,2961000,65.0,0.45,866232,1,HIGH
NMB-AGRI-04433,0.56640625,0.5640031031807603,False,4.5,3896000,49.4,0.45,865478,1,MEDIUM
NMB-AGRI-02996,0.56640625,0.5583398590446359,True,0.9,3964000,48.5,0.45,865288,1,MEDIUM
NMB-AGRI-03492,0.5387634936211972,0.5640031031807603,True,9.9,4312000,44.6,0.45,864891,0,MEDIUM
NMB-AGRI-01464,0.56640625,0.5583398590446359,True,4.5,3928000,48.8,0.45,861722,0,MEDIUM
NMB-AGRI-02344,0.572020725388601,0.5640031031807603,False,4.3,3330000,57.5,0.45,861677,1,HIGH
NMB-AGRI-04641,0.5387634936211972,0.5640031031807603,False,9.3,4811000,39.6,0.45,857118,0,MEDIUM
NMB-AGRI-01923,0.5788402848423194,0.5689655172413793,True,1.8,3528000,53.9,0.45,856507,1,HIGH
NMB-AGRI-00805,0.572020725388601,0.5649671052631579,False,9.0,3558000,53.5,0.45,856026,1,HIGH
NMB-AGRI-01009,0.572020725388601,0.5583398590446359,True,8.5,4649000,40.9,0.45,855469,1,MEDIUM
NMB-AGRI-04014,0.5649157581764123,0.5689655172413793,True,6.8,3922000,48.3,0.45,852606,1,MEDIUM
NMB-AGRI-00320,0.572020725388601,0.5649671052631579,False,9.7,2991000,63.3,0.45,851655,1,HIGH
NMB-AGRI-04038,0.572020725388601,0.5649671052631579,True,5.5,3136000,60.2,0.45,849991,1,HIGH
NMB-AGRI-01676,0.5649157581764123,0.5640031031807603,True,4.3,3160000,59.7,0.45,849559,1,HIGH
NMB-AGRI-00407,0.5649157581764123,0.5649671052631579,False,9.0,3936000,47.8,0.45,846776,1,MEDIUM
NMB-AGRI-00732,0.5649157581764123,0.5640031031807603,False,2.4,3198000,58.8,0.45,846349,1,HIGH
NMB-AGRI-03434,0.5649157581764123,0.5583398590446359,True,5.4,3764000,49.8,0.45,843876,1,MEDIUM
NMB-AGRI-00773,0.572020725388601,0.5689655172413793,False,1.4,3087000,60.5,0.45,840708,0,HIGH
NMB-AGRI-02985,0.5788402848423194,0.5689655172413793,True,5.5,4129000,45.1,0.45,837411,1,MEDIUM
NMB-AGRI-04722,0.572020725388601,0.5649671052631579,True,5.2,3429000,54.2,0.45,835813,1,HIGH
NMB-AGRI-00200,0.572020725388601,0.5640031031807603,True,3.2,2976000,62.0,0.45,830224,1,HIGH
NMB-AGRI-03836,0.572020725388601,0.5649671052631579,True,6.6,3289000,56.1,0.45,830192,1,HIGH
NMB-AGRI-04079,0.5387634936211972,0.5640031031807603,True,4.8,3768000,48.9,0.45,829709,0,MEDIUM
NMB-AGRI-04662,0.5387634936211972,0.5583398590446359,False,5.9,2516000,73.1,0.45,828034,1,VERY_HIGH
NMB-AGRI-02537,0.5788402848423194,0.5689655172413793,True,0.6,3504000,52.4,0.45,826621,0,HIGH
NMB-AGRI-02212,0.56640625,0.5583398590446359,True,7.5,4201000,43.7,0.45,825406,1,MEDIUM
NMB-AGRI-03217,0.5387634936211972,0.5583398590446359,True,5.0,3370000,54.1,0.45,819848,1,HIGH
NMB-AGRI-04827,0.5788402848423194,0.5689655172413793,False,7.4,3778000,48.2,0.45,818792,1,MEDIUM
NMB-AGRI-03393,0.56640625,0.5640031031807603,True,4.9,4930000,36.9,0.45,818585,0,MEDIUM
NMB-AGRI-03428,0.56640625,0.5640031031807603,False,7.5,2941000,61.5,0.45,814533,1,HIGH
NMB-AGRI-04579,0.5788402848423194,0.5583398590446359,False,1.1,3055000,59.2,0.45,814275,1,HIGH
NMB-AGRI-04434,0.572020725388601,0.5649671052631579,False,0.6,3810000,47.5,0.45,814186,1,MEDIUM
NMB-AGRI-01295,0.572020725388601,0.5583398590446359,True,8.1,3712000,48.7,0.45,812738,0,MEDIUM
NMB-AGRI-03278,0.572020725388601,0.5583398590446359,True,2.4,3805000,47.4,0.45,812415,1,MEDIUM
NMB-AGRI-03707,0.56640625,0.5649671052631579,True,9.2,3646000,49.5,0.45,811465,0,MEDIUM
NMB-AGRI-03926,0.5788402848423194,0.5640031031807603,True,1.9,3282000,54.8,0.45,809906,1,HIGH
NMB-AGRI-01504,0.5387634936211972,0.5640031031807603,True,4.1,4316000,41.7,0.45,809080,1,MEDIUM
NMB-AGRI-04352,0.572020725388601,0.5689655172413793,False,3.6,3827000,46.9,0.45,807718,0,MEDIUM
NMB-AGRI-02160,0.5649157581764123,0.5689655172413793,True,4.8,3032000,59.2,0.45,807330,1,HIGH
NMB-AGRI-03398,0.5387634936211972,0.5640031031807603,False,9.5,4026000,44.5,0.45,806632,1,MEDIUM
NMB-AGRI-03903,0.5649157581764123,0.5649671052631579,True,8.2,3515000,50.8,0.45,804312,1,HIGH
NMB-AGRI-04644,0.5788402848423194,0.5640031031807603,False,2.5,3548000,50.3,0.45,802334,1,HIGH
NMB-AGRI-04756,0.5788402848423194,0.5649671052631579,False,4.2,3636000,49.0,0.45,801841,1,MEDIUM
NMB-AGRI-04294,0.56640625,0.5689655172413793,True,6.6,3172000,56.2,0.45,801501,1,HIGH
NMB-AGRI-03724,0.572020725388601,0.5649671052631579,False,5.5,2692000,66.1,0.45,801083,1,HIGH
NMB-AGRI-01978,0.572020725388601,0.5689655172413793,True,2.7,4168000,42.7,0.45,801056,1,MEDIUM
NMB-AGRI-00553,0.56640625,0.5640031031807603,False,4.8,3421000,51.8,0.45,798119,1,HIGH
NMB-AGRI-04018,0.572020725388601,0.5583398590446359,True,5.0,3196000,55.4,0.45,796930,1,HIGH
NMB-AGRI-02407,0.5387634936211972,0.5640031031807603,False,1.7,3302000,53.6,0.45,796385,0,HIGH
NMB-AGRI-04558,0.572020725388601,0.5583398590446359,False,5.9,2732000,64.7,0.45,795324,1,HIGH
NMB-AGRI-04675,0.5649157581764123,0.5649671052631579,True,8.4,3380000,52.1,0.45,793040,0,HIGH
NMB-AGRI-03907,0.5387634936211972,0.5689655172413793,True,8.1,3031000,58.0,0.45,790651,0,HIGH
NMB-AGRI-00603,0.5649157581764123,0.5689655172413793,False,8.6,3798000,46.2,0.45,788896,0,MEDIUM
NMB-AGRI-03169,0.5788402848423194,0.5640031031807603,True,9.9,3273000,53.6,0.45,788745,0,HIGH
NMB-AGRI-01386,0.5387634936211972,0.5640031031807603,True,6.4,4999000,35.0,0.45,788161,0,MEDIUM
NMB-AGRI-01069,0.5387634936211972,0.5583398590446359,False,6.1,3515000,49.7,0.45,786507,0,MEDIUM
NMB-AGRI-00069,0.5649157581764123,0.5689655172413793,True,8.6,3497000,50.0,0.45,786067,1,MEDIUM
NMB-AGRI-04671,0.5649157581764123,0.5689655172413793,True,6.2,3304000,52.8,0.45,785741,0,HIGH
NMB-AGRI-04710,0.56640625,0.5649671052631579,True,7.9,3340000,52.2,0.45,784962,1,HIGH
NMB-AGRI-02822,0.56640625,0.5640031031807603,False,6.7,2910000,59.4,0.45,778218,1,HIGH
NMB-AGRI-04998,0.5649157581764123,0.5649671052631579,True,9.9,4994000,34.6,0.45,776866,1,MEDIUM
NMB-AGRI-01274,0.5788402848423194,0.5583398590446359,True,7.7,3899000,44.2,0.45,774897,1,MEDIUM
NMB-AGRI-02078,0.56640625,0.5583398590446359,False,9.6,3159000,54.3,0.45,772586,0,HIGH
NMB-AGRI-00759,0.572020725388601,0.5640031031807603,True,9.7,3946000,43.5,0.45,772047,1,MEDIUM
NMB-AGRI-00167,0.5788402848423194,0.5689655172413793,True,10.0,3759000,45.5,0.45,769898,1,MEDIUM
NMB-AGRI-01736,0.5649157581764123,0.5649671052631579,False,4.4,3025000,56.6,0.45,769851,1,HIGH
NMB-AGRI-00014,0.5649157581764123,0.5649671052631579,False,5.7,4215000,40.6,0.45,769811,0,MEDIUM
NMB-AGRI-02613,0.5649157581764123,0.5649671052631579,True,3.4,2934000,58.2,0.45,768799,0,HIGH
NMB-AGRI-01566,0.5649157581764123,0.5689655172413793,False,3.1,3095000,55.2,0.45,768788,1,HIGH
NMB-AGRI-00875,0.5649157581764123,0.5640031031807603,True,2.0,3692000,46.2,0.45,768051,1,MEDIUM
NMB-AGRI-03496,0.572020725388601,0.5689655172413793,True,8.0,3217000,53.0,0.45,767529,1,HIGH
NMB-AGRI-02236,0.5649157581764123,0.5689655172413793,False,9.9,3642000,46.8,0.45,767397,1,MEDIUM
NMB-AGRI-03759,0.56640625,0.5583398590446359,True,3.1,3268000,52.1,0.45,765856,1,HIGH
NMB-AGRI-04838,0.5788402848423194,0.5640031031807603,False,7.2,3037000,56.0,0.45,765604,0,HIGH
NMB-AGRI-04316,0.5788402848423194,0.5583398590446359,False,1.8,3219000,52.8,0.45,764575,1,HIGH
NMB-AGRI-04224,0.5649157581764123,0.5583398590446359,False,0.5,2731000,62.2,0.45,764095,1,HIGH
NMB-AGRI-01169,0.56640625,0.5583398590446359,False,8.0,2990000,56.8,0.45,763886,1,HIGH
NMB-AGRI-04910,0.5387634936211972,0.5640031031807603,False,6.0,2567000,66.1,0.45,763770,1,HIGH
NMB-AGRI-04033,0.56640625,0.5689655172413793,True,8.6,2988000,56.7,0.45,762378,1,HIGH
NMB-AGRI-03031,0.5649157581764123,0.5649671052631579,True,9.4,3364000,50.3,0.45,762152,0,HIGH
NMB-AGRI-01145,0.5649157581764123,0.5640031031807603,False,2.5,3722000,45.4,0.45,761185,1,MEDIUM
NMB-AGRI-04439,0.5649157581764123,0.5583398590446359,False,4.0,4029000,42.0,0.45,761146,1,MEDIUM
NMB-AGRI-02672,0.5387634936211972,0.5583398590446359,False,7.3,3566000,47.4,0.45,760906,0,MEDIUM
NMB-AGRI-01667,0.56640625,0.5689655172413793,True,1.7,3682000,45.7,0.45,756666,1,MEDIUM
NMB-AGRI-04543,0.56640625,0.5689655172413793,True,4.5,3244000,51.8,0.45,755524,0,HIGH
NMB-AGRI-03638,0.5649157581764123,0.5583398590446359,True,8.7,4150000,40.4,0.45,754674,0,MEDIUM
NMB-AGRI-03879,0.56640625,0.5640031031807603,False,4.3,4124000,40.6,0.45,754149,0,MEDIUM
NMB-AGRI-04333,0.572020725388601,0.5689655172413793,True,6.0,3376000,49.6,0.45,754120,0,MEDIUM
NMB-AGRI-02156,0.56640625,0.5583398590446359,True,7.3,4233000,39.5,0.45,752893,0,MEDIUM
NMB-AGRI-01059,0.56640625,0.5640031031807603,True,8.7,3608000,46.3,0.45,752449,0,MEDIUM
NMB-AGRI-01062,0.5649157581764123,0.5640031031807603,False,3.2,3897000,42.9,0.45,751588,1,MEDIUM
NMB-AGRI-03858,0.56640625,0.5583398590446359,False,2.7,2744000,60.7,0.45,750019,1,HIGH
NMB-AGRI-03804,0.572020725388601,0.5583398590446359,True,3.6,4505000,37.0,0.45,749152,0,MEDIUM
NMB-AGRI-01628,0.56640625,0.5640031031807603,True,9.6,3474000,47.9,0.45,748932,1,MEDIUM
NMB-AGRI-00927,0.5649157581764123,0.5640031031807603,False,5.9,2700000,61.5,0.45,747491,0,HIGH
NMB-AGRI-04751,0.572020725388601,0.5583398590446359,True,6.2,3220000,51.4,0.45,744286,0,HIGH
NMB-AGRI-00250,0.5387634936211972,0.5640031031807603,True,3.6,3365000,49.1,0.45,744151,1,MEDIUM
NMB-AGRI-04698,0.5649157581764123,0.5689655172413793,False,6.9,3115000,52.9,0.45,741986,0,HIGH
NMB-AGRI-00456,0.56640625,0.5640031031807603,False,3.7,3191000,51.6,0.45,741240,1,HIGH
NMB-AGRI-04468,0.5649157581764123,0.5640031031807603,True,5.6,3432000,47.7,0.45,737424,0,MEDIUM
NMB-AGRI-01171,0.572020725388601,0.5583398590446359,False,6.2,3583000,45.7,0.45,737251,1,MEDIUM
NMB-AGRI-00300,0.56640625,0.5640031031807603,True,8.3,3574000,45.8,0.45,736900,0,MEDIUM
NMB-AGRI-04254,0.5788402848423194,0.5640031031807603,False,5.0,3201000,51.1,0.45,736576,1,HIGH
NMB-AGRI-00519,0.5788402848423194,0.5689655172413793,True,9.8,3479000,47.0,0.45,735346,0,MEDIUM
NMB-AGRI-00385,0.5387634936211972,0.5583398590446359,True,9.4,3065000,53.3,0.45,735126,0,HIGH
NMB-AGRI-02360,0.572020725388601,0.5583398590446359,False,1.8,2952000,55.1,0.45,732526,0,HIGH
NMB-AGRI-04782,0.5649157581764123,0.5649671052631579,True,9.3,2715000,59.9,0.45,732405,1,HIGH
NMB-AGRI-03922,0.5649157581764123,0.5640031031807603,True,8.9,3870000,42.0,0.45,730858,1,MEDIUM
NMB-AGRI-00129,0.56640625,0.5689655172413793,True,1.8,2967000,54.7,0.45,730434,1,HIGH
NMB-AGRI-03118,0.5788402848423194,0.5649671052631579,True,5.4,3281000,49.4,0.45,730064,0,MEDIUM
NMB-AGRI-02965,0.5788402848423194,0.5649671052631579,False,4.0,3088000,52.4,0.45,728207,0,HIGH
NMB-AGRI-03716,0.5649157581764123,0.5583398590446359,True,8.1,3358000,48.0,0.45,725586,0,MEDIUM
NMB-AGRI-00244,0.5788402848423194,0.5689655172413793,False,4.8,3141000,51.3,0.45,724810,0,HIGH
NMB-AGRI-02043,0.572020725388601,0.5649671052631579,False,3.4,3841000,41.9,0.45,723443,1,MEDIUM
NMB-AGRI-00446,0.5788402848423194,0.5689655172413793,False,8.0,3731000,43.1,0.45,723117,0,MEDIUM
NMB-AGRI-02435,0.56640625,0.5689655172413793,False,2.3,3903000,40.9,0.45,718159,0,MEDIUM
NMB-AGRI-01096,0.5649157581764123,0.5689655172413793,True,2.5,4131000,38.6,0.45,717018,0,MEDIUM
NMB-AGRI-04818,0.56640625,0.5649671052631579,False,4.0,3130000,50.8,0.45,715725,1,HIGH
NMB-AGRI-01466,0.56640625,0.5649671052631579,False,9.7,2986000,53.2,0.45,715468,0,HIGH
NMB-AGRI-03881,0.5788402848423194,0.5640031031807603,False,6.4,2218000,71.6,0.45,714150,0,VERY_HIGH
NMB-AGRI-01888,0.5649157581764123,0.5689655172413793,True,6.5,2958000,53.6,0.45,713399,0,HIGH
NMB-AGRI-04897,0.5387634936211972,0.5583398590446359,True,6.9,3092000,51.1,0.45,710814,1,HIGH
NMB-AGRI-01478,0.56640625,0.5640031031807603,True,6.4,3341000,47.0,0.45,706728,0,MEDIUM
NMB-AGRI-04471,0.56640625,0.5583398590446359,True,8.0,3581000,43.8,0.45,706127,1,MEDIUM
NMB-AGRI-03250,0.56640625,0.5640031031807603,True,9.0,3437000,45.7,0.45,706094,1,MEDIUM
NMB-AGRI-03453,0.572020725388601,0.5649671052631579,True,3.8,4168000,37.6,0.45,705904,0,MEDIUM
NMB-AGRI-01423,0.5788402848423194,0.5640031031807603,False,1.6,3192000,49.0,0.45,703843,1,MEDIUM
NMB-AGRI-04185,0.5387634936211972,0.5640031031807603,False,8.2,3112000,50.2,0.45,703036,1,HIGH
NMB-AGRI-01646,0.572020725388601,0.5689655172413793,True,9.4,3145000,49.7,0.45,702888,1,MEDIUM
NMB-AGRI-00636,0.5387634936211972,0.5649671052631579,False,3.1,2914000,53.6,0.45,702394,1,HIGH
NMB-AGRI-00605,0.5788402848423194,0.5649671052631579,True,2.3,2679000,58.1,0.45,700706,1,HIGH
NMB-AGRI-00633,0.5788402848423194,0.5583398590446359,True,9.8,3883000,40.1,0.45,699858,1,MEDIUM
NMB-AGRI-00807,0.5788402848423194,0.5640031031807603,True,6.2,3560000,43.6,0.45,698698,1,MEDIUM
NMB-AGRI-04125,0.572020725388601,0.5649671052631579,False,3.4,3369000,46.0,0.45,697939,0,MEDIUM
NMB-AGRI-03823,0.5387634936211972,0.5583398590446359,True,0.6,3171000,48.8,0.45,696793,1,MEDIUM
NMB-AGRI-03906,0.572020725388601,0.5583398590446359,True,4.0,4212000,36.7,0.45,696367,1,MEDIUM
NMB-AGRI-00292,0.5387634936211972,0.5583398590446359,False,7.3,3651000,42.3,0.45,694298,0,MEDIUM
NMB-AGRI-02709,0.5649157581764123,0.5649671052631579,False,5.9,3592000,42.9,0.45,693700,1,MEDIUM
NMB-AGRI-01811,0.56640625,0.5649671052631579,False,2.5,4188000,36.7,0.45,691183,1,MEDIUM
NMB-AGRI-02074,0.5649157581764123,0.5689655172413793,False,4.3,2824000,54.4,0.45,690784,1,HIGH
NMB-AGRI-04339,0.5788402848423194,0.5640031031807603,True,1.2,2894000,53.0,0.45,689671,1,HIGH
NMB-AGRI-00695,0.572020725388601,0.5583398590446359,False,7.3,2792000,54.9,0.45,689346,1,HIGH
NMB-AGRI-00242,0.5387634936211972,0.5649671052631579,False,3.4,2806000,54.4,0.45,687412,1,HIGH
NMB-AGRI-00228,0.5788402848423194,0.5583398590446359,True,2.9,2222000,68.6,0.45,685963,1,HIGH
NMB-AGRI-03941,0.56640625,0.5649671052631579,True,9.8,3967000,38.3,0.45,684507,1,MEDIUM
NMB-AGRI-04154,0.5649157581764123,0.5649671052631579,True,2.9,3304000,46.0,0.45,683618,0,MEDIUM
NMB-AGRI-04780,0.56640625,0.5583398590446359,False,4.1,2831000,53.6,0.45,683318,0,HIGH
NMB-AGRI-03732,0.5649157581764123,0.5649671052631579,False,9.9,3867000,39.1,0.45,680010,0,MEDIUM
NMB-AGRI-02524,0.5649157581764123,0.5649671052631579,True,3.0,3248000,46.4,0.45,678216,0,MEDIUM
NMB-AGRI-03232,0.56640625,0.5649671052631579,False,3.9,2907000,51.8,0.45,678130,0,HIGH
NMB-AGRI-04906,0.5387634936211972,0.5689655172413793,False,4.9,2229000,67.6,0.45,677611,1,HIGH
NMB-AGRI-00678,0.56640625,0.5640031031807603,True,5.8,2324000,64.6,0.45,675758,1,HIGH
NMB-AGRI-02067,0.5649157581764123,0.5689655172413793,True,7.7,2593000,57.8,0.45,674210,1,HIGH
NMB-AGRI-01804,0.56640625,0.5583398590446359,True,3.6,2850000,52.4,0.45,672638,0,HIGH
NMB-AGRI-00708,0.5387634936211972,0.5583398590446359,False,3.3,2299000,65.0,0.45,672288,1,HIGH
NMB-AGRI-00382,0.5387634936211972,0.5689655172413793,False,3.7,3021000,49.2,0.45,668462,0,MEDIUM
NMB-AGRI-01937,0.572020725388601,0.5649671052631579,True,7.9,3014000,49.2,0.45,667368,1,MEDIUM
NMB-AGRI-03387,0.56640625,0.5649671052631579,True,9.3,3916000,37.8,0.45,665998,1,MEDIUM
NMB-AGRI-01248,0.56640625,0.5649671052631579,False,9.3,2333000,63.4,0.45,665118,0,HIGH
NMB-AGRI-00911,0.5788402848423194,0.5640031031807603,True,5.5,2728000,54.1,0.45,664010,0,HIGH
NMB-AGRI-04090,0.5649157581764123,0.5640031031807603,False,9.5,2179000,67.7,0.45,663610,0,HIGH
NMB-AGRI-02032,0.5387634936211972,0.5649671052631579,True,1.7,3609000,40.8,0.45,662885,1,MEDIUM
NMB-AGRI-02403,0.572020725388601,0.5649671052631579,True,9.3,2196000,66.9,0.45,661199,0,HIGH
NMB-AGRI-00996,0.5387634936211972,0.5640031031807603,True,4.2,2988000,49.1,0.45,660333,1,MEDIUM
NMB-AGRI-03850,0.56640625,0.5640031031807603,True,7.2,2386000,61.4,0.45,658918,1,HIGH
NMB-AGRI-03309,0.5649157581764123,0.5583398590446359,True,7.4,3745000,39.1,0.45,658398,1,MEDIUM
NMB-AGRI-00436,0.572020725388601,0.5689655172413793,False,0.5,2050000,71.1,0.45,655542,0,VERY_HIGH
NMB-AGRI-01793,0.5788402848423194,0.5689655172413793,False,2.7,2562000,56.8,0.45,655371,0,HIGH
NMB-AGRI-04625,0.5387634936211972,0.5640031031807603,True,8.9,3878000,37.5,0.45,654342,0,MEDIUM
NMB-AGRI-04584,0.5387634936211972,0.5640031031807603,True,8.8,2824000,51.4,0.45,652577,1,HIGH
NMB-AGRI-02049,0.572020725388601,0.5689655172413793,True,3.4,2521000,57.5,0.45,652251,1,HIGH
NMB-AGRI-04239,0.56640625,0.5640031031807603,True,2.6,2834000,51.1,0.45,651171,0,HIGH
NMB-AGRI-01109,0.5788402848423194,0.5640031031807603,False,5.8,2146000,67.3,0.45,649742,1,HIGH
NMB-AGRI-04460,0.5788402848423194,0.5649671052631579,True,9.5,2602000,55.4,0.45,648114,1,HIGH
NMB-AGRI-04318,0.5788402848423194,0.5689655172413793,True,8.9,3613000,39.8,0.45,647119,1,MEDIUM
NMB-AGRI-02756,0.56640625,0.5583398590446359,True,0.9,3159000,45.5,0.45,646978,0,MEDIUM
NMB-AGRI-01846,0.5387634936211972,0.5689655172413793,True,8.6,2631000,54.5,0.45,645594,1,HIGH
NMB-AGRI-01389,0.5649157581764123,0.5689655172413793,False,2.4,2868000,50.0,0.45,645283,1,MEDIUM
NMB-AGRI-04693,0.5788402848423194,0.5583398590446359,True,3.2,2113000,67.8,0.45,644969,0,HIGH
NMB-AGRI-04485,0.5649157581764123,0.5649671052631579,True,8.6,3696000,38.7,0.45,644372,1,MEDIUM
NMB-AGRI-02742,0.572020725388601,0.5640031031807603,True,2.4,3020000,47.3,0.45,643376,1,MEDIUM
NMB-AGRI-01151,0.572020725388601,0.5583398590446359,False,6.9,1999000,71.4,0.45,641967,1,VERY_HIGH
NMB-AGRI-00920,0.5788402848423194,0.5640031031807603,True,6.7,2948000,48.3,0.45,640585,0,MEDIUM
NMB-AGRI-01076,0.56640625,0.5649671052631579,True,7.4,2690000,52.9,0.45,640314,1,HIGH
NMB-AGRI-02569,0.5649157581764123,0.5640031031807603,True,9.9,4069000,34.9,0.45,639951,0,MEDIUM
NMB-AGRI-03252,0.5387634936211972,0.5640031031807603,False,8.2,3492000,40.7,0.45,639887,1,MEDIUM
NMB-AGRI-03797,0.5788402848423194,0.5649671052631579,True,9.0,4258000,33.3,0.45,638755,1,MEDIUM
NMB-AGRI-01218,0.56640625,0.5649671052631579,True,4.8,2827000,50.1,0.45,637858,1,HIGH
NMB-AGRI-01113,0.5788402848423194,0.5689655172413793,False,4.2,3560000,39.8,0.45,637132,1,MEDIUM
NMB-AGRI-02961,0.56640625,0.5583398590446359,True,2.1,3035000,46.6,0.45,636576,1,MEDIUM
NMB-AGRI-02447,0.5387634936211972,0.5583398590446359,False,7.8,2233000,63.3,0.45,636468,0,HIGH
NMB-AGRI-04095,0.572020725388601,0.5640031031807603,True,3.2,2510000,56.3,0.45,636450,0,HIGH
NMB-AGRI-01542,0.5788402848423194,0.5689655172413793,True,4.5,2525000,56.0,0.45,636255,0,HIGH
NMB-AGRI-00922,0.56640625,0.5640031031807603,True,2.5,3127000,45.0,0.45,633855,1,MEDIUM
NMB-AGRI-04392,0.5649157581764123,0.5689655172413793,True,3.5,2824000,49.9,0.45,633843,1,MEDIUM
NMB-AGRI-03082,0.5649157581764123,0.5583398590446359,True,5.6,2931000,48.0,0.45,633048,0,MEDIUM
NMB-AGRI-02436,0.5788402848423194,0.5640031031807603,True,0.9,2596000,54.1,0.45,632234,0,HIGH
NMB-AGRI-02500,0.56640625,0.5640031031807603,True,1.2,3021000,46.5,0.45,631588,1,MEDIUM
NMB-AGRI-01690,0.5387634936211972,0.5583398590446359,False,1.4,2177000,64.4,0.45,630661,1,HIGH
NMB-AGRI-04695,0.572020725388601,0.5583398590446359,True,7.0,2118000,66.1,0.45,629715,0,HIGH
NMB-AGRI-04464,0.5788402848423194,0.5583398590446359,True,1.9,2532000,55.2,0.45,629050,0,HIGH
NMB-AGRI-02118,0.5788402848423194,0.5640031031807603,False,2.7,2955000,47.2,0.45,627483,1,MEDIUM
NMB-AGRI-02820,0.56640625,0.5649671052631579,True,2.7,2638000,52.8,0.45,626756,1,HIGH
NMB-AGRI-02934,0.572020725388601,0.5649671052631579,True,4.1,2782000,49.9,0.45,624381,1,MEDIUM
NMB-AGRI-02549,0.5788402848423194,0.5640031031807603,True,1.8,2754000,50.4,0.45,624118,1,HIGH
NMB-AGRI-01231,0.572020725388601,0.5689655172413793,True,1.3,3177000,43.7,0.45,624083,1,MEDIUM
NMB-AGRI-03597,0.5387634936211972,0.5583398590446359,True,1.8,3063000,45.1,0.45,621219,1,MEDIUM
NMB-AGRI-01644,0.5387634936211972,0.5640031031807603,False,6.7,2160000,63.7,0.45,618977,1,HIGH
NMB-AGRI-04677,0.5788402848423194,0.5583398590446359,False,9.9,2001000,68.7,0.45,618391,1,HIGH
NMB-AGRI-00398,0.5649157581764123,0.5649671052631579,False,5.8,2764000,49.7,0.45,617877,1,MEDIUM
NMB-AGRI-01852,0.5387634936211972,0.5583398590446359,False,3.4,2231000,61.5,0.45,617863,1,HIGH
NMB-AGRI-00347,0.5387634936211972,0.5649671052631579,True,7.9,2282000,59.9,0.45,615147,0,HIGH
NMB-AGRI-04683,0.5649157581764123,0.5640031031807603,False,9.5,1990000,68.5,0.45,613545,0,HIGH
NMB-AGRI-02388,0.572020725388601,0.5640031031807603,True,6.9,2331000,58.5,0.45,613467,1,HIGH
NMB-AGRI-00046,0.572020725388601,0.5649671052631579,True,9.1,2031000,67.1,0.45,613382,0,HIGH
NMB-AGRI-03691,0.5649157581764123,0.5649671052631579,True,2.2,4025000,33.8,0.45,612844,1,MEDIUM
NMB-AGRI-02412,0.5788402848423194,0.5649671052631579,False,6.4,2125000,64.0,0.45,611535,0,HIGH
NMB-AGRI-00026,0.5788402848423194,0.5649671052631579,True,4.1,3299000,41.2,0.45,611461,0,MEDIUM
NMB-AGRI-01944,0.572020725388601,0.5583398590446359,False,4.2,2952000,46.0,0.45,611204,0,MEDIUM
NMB-AGRI-04252,0.5387634936211972,0.5640031031807603,False,9.2,2710000,50.1,0.45,610384,0,HIGH
NMB-AGRI-01925,0.56640625,0.5583398590446359,False,4.9,2389000,56.6,0.45,608506,1,HIGH
NMB-AGRI-04704,0.572020725388601,0.5583398590446359,True,9.9,3224000,41.8,0.45,605975,0,MEDIUM
NMB-AGRI-02389,0.572020725388601,0.5689655172413793,True,9.5,2715000,49.6,0.45,605956,0,MEDIUM
NMB-AGRI-01482,0.5788402848423194,0.5689655172413793,False,8.2,3815000,35.3,0.45,605739,1,MEDIUM
NMB-AGRI-03198,0.5387634936211972,0.5689655172413793,True,9.6,2650000,50.8,0.45,605642,1,HIGH
NMB-AGRI-03706,0.56640625,0.5689655172413793,True,8.3,2703000,49.6,0.45,603001,0,MEDIUM
NMB-AGRI-00417,0.572020725388601,0.5583398590446359,False,5.0,2086000,63.9,0.45,600026,1,HIGH
NMB-AGRI-03857,0.5387634936211972,0.5640031031807603,True,5.9,2706000,49.2,0.45,598923,1,MEDIUM
NMB-AGRI-03508,0.56640625,0.5649671052631579,False,7.0,2125000,62.0,0.45,592867,0,HIGH
NMB-AGRI-03202,0.5788402848423194,0.5689655172413793,True,8.2,3437000,38.3,0.45,592811,1,MEDIUM
NMB-AGRI-04686,0.5649157581764123,0.5649671052631579,False,6.0,2541000,51.8,0.45,592674,1,HIGH
NMB-AGRI-04640,0.5788402848423194,0.5640031031807603,True,7.6,2234000,58.8,0.45,591584,0,HIGH
NMB-AGRI-02570,0.5387634936211972,0.5583398590446359,False,7.8,2392000,54.9,0.45,591239,1,HIGH
NMB-AGRI-02333,0.572020725388601,0.5583398590446359,False,4.3,2973000,44.2,0.45,590731,0,MEDIUM
NMB-AGRI-02579,0.5387634936211972,0.5640031031807603,True,2.5,4246000,30.9,0.45,590706,0,MEDIUM
NMB-AGRI-02827,0.572020725388601,0.5649671052631579,True,1.0,2757000,47.6,0.45,590218,1,MEDIUM
NMB-AGRI-00748,0.5387634936211972,0.5640031031807603,False,3.7,2582000,50.8,0.45,589911,0,HIGH
NMB-AGRI-03751,0.572020725388601,0.5583398590446359,False,5.7,1861000,70.3,0.45,588885,1,VERY_HIGH
NMB-AGRI-02198,0.5649157581764123,0.5649671052631579,False,3.3,2328000,56.1,0.45,587606,0,HIGH
NMB-AGRI-04070,0.5788402848423194,0.5583398590446359,True,5.5,2212000,58.9,0.45,586105,1,HIGH
NMB-AGRI-01914,0.5788402848423194,0.5583398590446359,False,3.0,2237000,58.1,0.45,584776,1,HIGH
NMB-AGRI-03293,0.5387634936211972,0.5583398590446359,True,6.0,2635000,49.3,0.45,584486,1,MEDIUM
NMB-AGRI-02702,0.572020725388601,0.5583398590446359,True,5.1,2431000,53.4,0.45,583891,1,HIGH
NMB-AGRI-02566,0.5788402848423194,0.5649671052631579,False,5.2,2914000,44.5,0.45,583597,1,MEDIUM
NMB-AGRI-02453,0.5649157581764123,0.5649671052631579,False,2.5,3024000,42.7,0.45,580626,1,MEDIUM
NMB-AGRI-01247,0.572020725388601,0.5689655172413793,True,6.1,2823000,45.3,0.45,575215,1,MEDIUM
NMB-AGRI-03808,0.5788402848423194,0.5640031031807603,False,6.4,2192000,58.2,0.45,574506,1,HIGH
NMB-AGRI-03832,0.5387634936211972,0.5640031031807603,True,1.0,3368000,37.8,0.45,573433,0,MEDIUM
NMB-AGRI-04978,0.5649157581764123,0.5640031031807603,True,7.4,2518000,50.5,0.45,572262,0,HIGH
NMB-AGRI-03210,0.56640625,0.5689655172413793,False,9.9,2231000,56.7,0.45,569633,1,HIGH
NMB-AGRI-01980,0.5649157581764123,0.5640031031807603,True,2.0,2641000,47.9,0.45,569608,1,MEDIUM
NMB-AGRI-03369,0.56640625,0.5640031031807603,True,8.5,2053000,61.6,0.45,569528,1,HIGH
NMB-AGRI-03653,0.5649157581764123,0.5689655172413793,False,4.5,2211000,56.9,0.45,566339,0,HIGH
NMB-AGRI-00218,0.5387634936211972,0.5640031031807603,False,4.1,2337000,53.8,0.45,565390,1,HIGH
NMB-AGRI-02269,0.5649157581764123,0.5689655172413793,False,4.9,2377000,52.8,0.45,564436,0,HIGH
NMB-AGRI-03973,0.5387634936211972,0.5689655172413793,True,3.3,2611000,47.9,0.45,563350,0,MEDIUM
NMB-AGRI-04956,0.5387634936211972,0.5640031031807603,True,8.4,2598000,48.1,0.45,562681,0,MEDIUM
NMB-AGRI-02551,0.56640625,0.5640031031807603,True,2.0,3339000,37.4,0.45,561264,0,MEDIUM
NMB-AGRI-04360,0.5649157581764123,0.5689655172413793,True,2.2,2538000,49.1,0.45,561005,1,MEDIUM
NMB-AGRI-03491,0.5387634936211972,0.5649671052631579,False,3.8,2062000,60.3,0.45,559716,1,HIGH
NMB-AGRI-01876,0.5387634936211972,0.5649671052631579,True,2.1,2638000,47.1,0.45,559005,1,MEDIUM
NMB-AGRI-00360,0.5649157581764123,0.5689655172413793,True,3.2,2507000,49.5,0.45,557944,0,MEDIUM
NMB-AGRI-04700,0.5788402848423194,0.5583398590446359,True,5.8,2022000,61.2,0.45,557142,1,HIGH
NMB-AGRI-01025,0.56640625,0.5583398590446359,False,4.6,2336000,52.9,0.45,556427,0,HIGH
NMB-AGRI-01822,0.572020725388601,0.5689655172413793,True,2.3,3024000,40.7,0.45,553605,0,MEDIUM
NMB-AGRI-00044,0.572020725388601,0.5649671052631579,False,4.2,2595000,47.3,0.45,552395,0,MEDIUM
NMB-AGRI-04019,0.5387634936211972,0.5689655172413793,False,2.3,3159000,38.8,0.45,551229,1,MEDIUM
NMB-AGRI-03864,0.5788402848423194,0.5583398590446359,True,4.1,2513000,48.7,0.45,550650,0,MEDIUM
NMB-AGRI-04003,0.56640625,0.5640031031807603,False,4.4,2818000,43.4,0.45,550348,1,MEDIUM
NMB-AGRI-02911,0.5387634936211972,0.5689655172413793,False,4.6,2647000,46.2,0.45,550209,1,MEDIUM
NMB-AGRI-02514,0.5649157581764123,0.5649671052631579,False,8.0,2729000,44.7,0.45,549064,1,MEDIUM
NMB-AGRI-03216,0.5387634936211972,0.5583398590446359,False,5.7,2647000,45.8,0.45,545478,1,MEDIUM
NMB-AGRI-00562,0.56640625,0.5649671052631579,False,6.7,2104000,57.5,0.45,544291,0,HIGH
NMB-AGRI-01518,0.5649157581764123,0.5689655172413793,False,2.0,1736000,69.4,0.45,542386,1,HIGH
NMB-AGRI-00881,0.56640625,0.5640031031807603,False,4.3,3027000,39.7,0.45,541033,0,MEDIUM
NMB-AGRI-03777,0.572020725388601,0.5583398590446359,False,6.4,1851000,64.9,0.45,540812,0,HIGH
NMB-AGRI-02975,0.5649157581764123,0.5689655172413793,False,3.7,1824000,65.6,0.45,538398,0,HIGH
NMB-AGRI-02249,0.5387634936211972,0.5583398590446359,True,8.8,2902000,41.2,0.45,537704,0,MEDIUM
NMB-AGRI-04768,0.5788402848423194,0.5640031031807603,False,0.7,1929000,61.9,0.45,537074,0,HIGH
NMB-AGRI-00567,0.56640625,0.5583398590446359,True,4.7,2201000,54.2,0.45,536900,0,HIGH
NMB-AGRI-04847,0.56640625,0.5649671052631579,True,3.8,2459000,48.4,0.45,535526,1,MEDIUM
NMB-AGRI-03041,0.572020725388601,0.5649671052631579,False,9.8,1877000,63.3,0.45,535030,1,HIGH
NMB-AGRI-04800,0.5788402848423194,0.5689655172413793,True,3.5,2804000,42.3,0.45,533429,1,MEDIUM
NMB-AGRI-03249,0.56640625,0.5640031031807603,True,3.9,2569000,46.0,0.45,532151,1,MEDIUM
NMB-AGRI-01577,0.5649157581764123,0.5640031031807603,True,5.8,2701000,43.8,0.45,531843,0,MEDIUM
NMB-AGRI-01047,0.5788402848423194,0.5649671052631579,True,7.4,1882000,62.8,0.45,531801,1,HIGH
NMB-AGRI-04570,0.5649157581764123,0.5649671052631579,False,3.9,2054000,57.3,0.45,529271,0,HIGH
NMB-AGRI-00619,0.5649157581764123,0.5649671052631579,False,2.3,2861000,41.1,0.45,529244,1,MEDIUM
NMB-AGRI-03128,0.56640625,0.5689655172413793,True,7.9,1929000,60.9,0.45,528443,0,HIGH
NMB-AGRI-01516,0.5788402848423194,0.5649671052631579,True,9.8,2138000,54.9,0.45,528145,1,HIGH
NMB-AGRI-01374,0.56640625,0.5583398590446359,True,5.5,2306000,50.9,0.45,528125,1,HIGH
NMB-AGRI-03438,0.56640625,0.5640031031807603,True,1.7,2299000,51.0,0.45,527777,0,HIGH
NMB-AGRI-02593,0.572020725388601,0.5583398590446359,False,2.5,1803000,65.0,0.45,527553,0,HIGH
NMB-AGRI-04610,0.5649157581764123,0.5640031031807603,True,6.6,1854000,62.8,0.45,523888,1,HIGH
NMB-AGRI-01421,0.5387634936211972,0.5689655172413793,False,9.7,2026000,57.4,0.45,523082,0,HIGH
NMB-AGRI-01378,0.5387634936211972,0.5583398590446359,True,6.1,2532000,45.9,0.45,522849,1,MEDIUM
NMB-AGRI-00248,0.5649157581764123,0.5649671052631579,True,7.3,2025000,57.1,0.45,520490,1,HIGH
NMB-AGRI-00972,0.56640625,0.5640031031807603,False,9.9,1653000,69.9,0.45,520090,1,HIGH
NMB-AGRI-01812,0.5387634936211972,0.5583398590446359,False,5.6,1796000,64.3,0.45,519871,1,HIGH
NMB-AGRI-02564,0.5387634936211972,0.5649671052631579,True,2.6,4033000,28.6,0.45,518331,0,LOW
NMB-AGRI-00065,0.5649157581764123,0.5640031031807603,False,5.9,1986000,58.0,0.45,518139,1,HIGH
NMB-AGRI-01285,0.5387634936211972,0.5583398590446359,False,4.5,2046000,56.3,0.45,518098,0,HIGH
NMB-AGRI-03160,0.5387634936211972,0.5583398590446359,True,2.6,2067000,55.6,0.45,516849,1,HIGH
NMB-AGRI-01561,0.572020725388601,0.5649671052631579,False,4.4,2479000,46.3,0.45,516365,1,MEDIUM
NMB-AGRI-03771,0.572020725388601,0.5689655172413793,False,8.4,2342000,49.0,0.45,516228,0,MEDIUM
NMB-AGRI-04403,0.5649157581764123,0.5689655172413793,True,6.1,2486000,45.6,0.45,509641,1,MEDIUM
NMB-AGRI-04600,0.5788402848423194,0.5583398590446359,True,3.2,1569000,72.2,0.45,509566,0,VERY_HIGH
NMB-AGRI-01204,0.5788402848423194,0.5640031031807603,False,7.4,1690000,66.5,0.45,505598,0,HIGH
NMB-AGRI-02735,0.5788402848423194,0.5640031031807603,False,5.6,1886000,59.5,0.45,504684,1,HIGH
NMB-AGRI-00013,0.572020725388601,0.5649671052631579,False,3.7,2611000,42.6,0.45,500875,1,MEDIUM
NMB-AGRI-01436,0.56640625,0.5583398590446359,True,4.7,2200000,50.6,0.45,500810,0,HIGH
NMB-AGRI-00488,0.5649157581764123,0.5583398590446359,True,4.9,1863000,59.5,0.45,499230,0,HIGH
NMB-AGRI-02870,0.5788402848423194,0.5583398590446359,False,9.5,1559000,71.0,0.45,498199,1,VERY_HIGH
NMB-AGRI-03392,0.5649157581764123,0.5583398590446359,True,6.0,2148000,51.5,0.45,497879,0,HIGH
NMB-AGRI-01807,0.5788402848423194,0.5583398590446359,True,7.4,2038000,54.3,0.45,497823,1,HIGH
NMB-AGRI-03006,0.5649157581764123,0.5649671052631579,True,7.8,1577000,69.8,0.45,495025,1,HIGH
NMB-AGRI-04922,0.5649157581764123,0.5640031031807603,True,7.2,2091000,52.3,0.45,491905,1,HIGH
NMB-AGRI-03964,0.5387634936211972,0.5689655172413793,True,2.3,2309000,47.0,0.45,488492,1,MEDIUM
NMB-AGRI-02294,0.5788402848423194,0.5640031031807603,False,3.0,1995000,54.2,0.45,486672,1,HIGH
NMB-AGRI-00408,0.56640625,0.5583398590446359,False,7.1,1881000,57.4,0.45,486260,1,HIGH
NMB-AGRI-00705,0.5649157581764123,0.5649671052631579,True,4.8,2065000,52.3,0.45,485774,1,HIGH
NMB-AGRI-03630,0.56640625,0.5583398590446359,True,5.9,1875000,57.2,0.45,482980,0,HIGH
NMB-AGRI-03352,0.5788402848423194,0.5640031031807603,True,2.7,2637000,40.7,0.45,482952,0,MEDIUM
NMB-AGRI-04614,0.5788402848423194,0.5649671052631579,True,7.9,2961000,36.2,0.45,482476,1,MEDIUM
NMB-AGRI-04162,0.5788402848423194,0.5640031031807603,False,7.9,2109000,50.8,0.45,482406,1,HIGH
NMB-AGRI-00148,0.572020725388601,0.5640031031807603,True,5.1,1923000,55.6,0.45,481449,0,HIGH
NMB-AGRI-04282,0.56640625,0.5640031031807603,False,2.7,1968000,54.2,0.45,480185,1,HIGH
NMB-AGRI-02681,0.5649157581764123,0.5640031031807603,True,0.8,2429000,43.9,0.45,479833,1,MEDIUM
NMB-AGRI-02048,0.5788402848423194,0.5689655172413793,False,8.4,2589000,41.1,0.45,479285,1,MEDIUM
NMB-AGRI-02999,0.5649157581764123,0.5583398590446359,False,3.6,2258000,47.2,0.45,479283,1,MEDIUM
NMB-AGRI-00905,0.572020725388601,0.5640031031807603,False,3.9,2058000,51.7,0.45,478350,1,HIGH
NMB-AGRI-02523,0.56640625,0.5640031031807603,True,7.8,2356000,45.1,0.45,477630,1,MEDIUM
NMB-AGRI-01284,0.56640625,0.5689655172413793,True,4.9,2619000,40.5,0.45,477372,0,MEDIUM
NMB-AGRI-04261,0.572020725388601,0.5649671052631579,True,8.3,1870000,56.7,0.45,477224,1,HIGH
NMB-AGRI-00786,0.572020725388601,0.5649671052631579,False,7.5,1718000,61.6,0.45,476099,0,HIGH
NMB-AGRI-01316,0.5649157581764123,0.5689655172413793,True,2.8,1744000,60.6,0.45,475708,1,HIGH
NMB-AGRI-04866,0.572020725388601,0.5640031031807603,False,1.1,1622000,65.1,0.45,475254,1,HIGH
NMB-AGRI-00588,0.5649157581764123,0.5583398590446359,True,0.7,2297000,45.9,0.45,474632,1,MEDIUM
NMB-AGRI-01971,0.56640625,0.5583398590446359,True,2.2,2147000,49.0,0.45,473316,0,MEDIUM
NMB-AGRI-04542,0.572020725388601,0.5649671052631579,True,8.7,2133000,49.3,0.45,473162,1,MEDIUM
NMB-AGRI-04845,0.572020725388601,0.5583398590446359,False,9.7,1678000,62.6,0.45,472324,1,HIGH
NMB-AGRI-03314,0.5387634936211972,0.5689655172413793,False,1.2,1752000,59.9,0.45,471922,0,HIGH
NMB-AGRI-02215,0.56640625,0.5649671052631579,True,1.5,2813000,37.3,0.45,471712,1,MEDIUM
NMB-AGRI-02038,0.5649157581764123,0.5640031031807603,True,5.7,2730000,38.3,0.45,469952,1,MEDIUM
NMB-AGRI-01958,0.5649157581764123,0.5649671052631579,True,8.4,2559000,40.7,0.45,468162,0,MEDIUM
NMB-AGRI-02131,0.5387634936211972,0.5583398590446359,False,3.3,2507000,41.3,0.45,466050,1,MEDIUM
NMB-AGRI-04308,0.5788402848423194,0.5649671052631579,False,1.8,2336000,44.1,0.45,463516,0,MEDIUM
NMB-AGRI-02329,0.5387634936211972,0.5640031031807603,False,1.7,2363000,43.6,0.45,463142,1,MEDIUM
NMB-AGRI-03091,0.572020725388601,0.5649671052631579,True,0.9,2060000,49.9,0.45,462633,1,MEDIUM
NMB-AGRI-01591,0.5387634936211972,0.5649671052631579,False,2.1,3252000,31.5,0.45,460930,0,MEDIUM
NMB-AGRI-02662,0.5788402848423194,0.5649671052631579,False,4.4,2210000,46.3,0.45,460270,0,MEDIUM
NMB-AGRI-03242,0.572020725388601,0.5689655172413793,False,2.0,1853000,54.9,0.45,457674,1,HIGH
NMB-AGRI-04934,0.5649157581764123,0.5583398590446359,False,5.5,2593000,39.1,0.45,456586,0,MEDIUM
NMB-AGRI-03157,0.572020725388601,0.5583398590446359,False,6.3,1437000,70.6,0.45,456241,1,VERY_HIGH
NMB-AGRI-04264,0.5649157581764123,0.5689655172413793,True,9.1,2635000,38.4,0.45,455124,1,MEDIUM
NMB-AGRI-00109,0.5788402848423194,0.5649671052631579,False,6.7,1927000,51.9,0.45,450463,0,HIGH
NMB-AGRI-00061,0.5649157581764123,0.5689655172413793,True,7.4,2278000,43.7,0.45,447505,1,MEDIUM
NMB-AGRI-01172,0.56640625,0.5583398590446359,False,6.9,2000000,49.7,0.45,447500,1,MEDIUM
NMB-AGRI-01609,0.5788402848423194,0.5640031031807603,True,4.9,1988000,50.0,0.45,447192,1,MEDIUM
NMB-AGRI-01710,0.572020725388601,0.5649671052631579,False,0.5,2071000,47.8,0.45,445575,0,MEDIUM
NMB-AGRI-01825,0.56640625,0.5640031031807603,False,1.5,2255000,43.9,0.45,445448,1,MEDIUM
NMB-AGRI-00506,0.5649157581764123,0.5583398590446359,True,8.8,2503000,39.5,0.45,445405,0,MEDIUM
NMB-AGRI-00474,0.5788402848423194,0.5583398590446359,True,5.7,1781000,55.4,0.45,443623,0,HIGH
NMB-AGRI-00107,0.5649157581764123,0.5640031031807603,False,1.7,2216000,44.5,0.45,443298,1,MEDIUM
NMB-AGRI-04746,0.572020725388601,0.5583398590446359,False,1.5,1642000,60.0,0.45,443221,1,HIGH
NMB-AGRI-01022,0.5788402848423194,0.5583398590446359,True,2.0,1826000,53.9,0.45,442658,0,HIGH
NMB-AGRI-00963,0.56640625,0.5640031031807603,True,8.3,3327000,29.4,0.45,440707,1,LOW
NMB-AGRI-01970,0.5387634936211972,0.5640031031807603,True,9.8,2206000,44.2,0.45,438683,1,MEDIUM
NMB-AGRI-02823,0.5387634936211972,0.5649671052631579,True,4.7,1955000,49.8,0.45,438418,0,MEDIUM
NMB-AGRI-02368,0.56640625,0.5689655172413793,True,5.5,2110000,45.9,0.45,435880,1,MEDIUM
NMB-AGRI-01885,0.5387634936211972,0.5583398590446359,False,5.9,1682000,57.5,0.45,435543,0,HIGH
NMB-AGRI-04164,0.5788402848423194,0.5689655172413793,True,7.4,1716000,56.1,0.45,433527,1,HIGH
NMB-AGRI-04247,0.572020725388601,0.5640031031807603,True,7.6,1675000,57.4,0.45,432834,1,HIGH
NMB-AGRI-00313,0.5387634936211972,0.5583398590446359,True,9.9,2258000,42.5,0.45,431939,1,MEDIUM
NMB-AGRI-00049,0.5649157581764123,0.5583398590446359,True,7.2,1735000,55.3,0.45,431792,0,HIGH
NMB-AGRI-00369,0.56640625,0.5640031031807603,False,7.7,3389000,28.3,0.45,431600,0,LOW
NMB-AGRI-02624,0.5387634936211972,0.5689655172413793,False,3.2,1607000,59.6,0.45,431306,0,HIGH
NMB-AGRI-01187,0.5788402848423194,0.5649671052631579,False,7.8,2189000,43.7,0.45,430190,1,MEDIUM
NMB-AGRI-01729,0.572020725388601,0.5689655172413793,False,3.9,2263000,42.2,0.45,429235,0,MEDIUM
NMB-AGRI-03856,0.5649157581764123,0.5583398590446359,True,4.3,1906000,49.9,0.45,428358,1,MEDIUM
NMB-AGRI-02847,0.5649157581764123,0.5640031031807603,True,9.9,1973000,48.2,0.45,427636,0,MEDIUM
NMB-AGRI-02636,0.572020725388601,0.5689655172413793,True,7.1,1516000,62.7,0.45,427607,0,HIGH
NMB-AGRI-02806,0.5649157581764123,0.5640031031807603,True,8.2,2190000,43.3,0.45,427157,1,MEDIUM
NMB-AGRI-04563,0.572020725388601,0.5640031031807603,True,7.7,1568000,60.5,0.45,426971,1,HIGH
NMB-AGRI-04954,0.56640625,0.5689655172413793,False,1.4,2090000,45.3,0.45,425633,0,MEDIUM
NMB-AGRI-00299,0.5387634936211972,0.5640031031807603,True,6.6,1682000,56.2,0.45,425140,1,HIGH
NMB-AGRI-02590,0.572020725388601,0.5649671052631579,True,2.3,1996000,47.2,0.45,424097,0,MEDIUM
NMB-AGRI-01135,0.572020725388601,0.5583398590446359,True,2.8,1729000,54.5,0.45,424027,1,HIGH
NMB-AGRI-04923,0.5649157581764123,0.5689655172413793,False,7.9,1989000,47.1,0.45,421678,1,MEDIUM
NMB-AGRI-02478,0.56640625,0.5640031031807603,True,7.7,1699000,55.1,0.45,421526,1,HIGH
NMB-AGRI-03135,0.5788402848423194,0.5649671052631579,True,5.4,2042000,45.7,0.45,420058,1,MEDIUM
NMB-AGRI-02232,0.56640625,0.5640031031807603,False,2.6,1596000,58.1,0.45,417408,1,HIGH
NMB-AGRI-01749,0.56640625,0.5689655172413793,True,9.6,1968000,47.0,0.45,416527,0,MEDIUM
NMB-AGRI-00342,0.5788402848423194,0.5583398590446359,True,7.8,2042000,45.2,0.45,415503,0,MEDIUM
NMB-AGRI-03617,0.5387634936211972,0.5649671052631579,True,4.5,2107000,43.6,0.45,413506,0,MEDIUM
NMB-AGRI-00548,0.5387634936211972,0.5640031031807603,False,5.8,1641000,55.9,0.45,412943,1,HIGH
NMB-AGRI-01127,0.56640625,0.5583398590446359,True,1.8,1923000,47.5,0.45,411123,1,MEDIUM
NMB-AGRI-02343,0.5788402848423194,0.5583398590446359,True,9.9,2616000,34.9,0.45,410537,1,MEDIUM
NMB-AGRI-02781,0.5387634936211972,0.5689655172413793,True,4.5,2260000,40.2,0.45,409227,1,MEDIUM
NMB-AGRI-04711,0.5649157581764123,0.5689655172413793,True,7.8,1591000,57.2,0.45,409192,0,HIGH
NMB-AGRI-03168,0.56640625,0.5649671052631579,False,2.6,2018000,45.0,0.45,408577,0,MEDIUM
NMB-AGRI-03110,0.5387634936211972,0.5689655172413793,False,2.0,1450000,62.2,0.45,406019,0,HIGH
NMB-AGRI-00277,0.5788402848423194,0.5689655172413793,False,1.0,1962000,45.8,0.45,404424,1,MEDIUM
NMB-AGRI-03874,0.5649157581764123,0.5583398590446359,False,8.5,2010000,44.4,0.45,401846,1,MEDIUM
NMB-AGRI-04607,0.5649157581764123,0.5583398590446359,False,4.2,2008000,44.4,0.45,401640,1,MEDIUM
NMB-AGRI-00770,0.56640625,0.5583398590446359,True,9.8,2147000,41.2,0.45,398326,1,MEDIUM
NMB-AGRI-00860,0.5387634936211972,0.5649671052631579,True,6.7,1545000,57.0,0.45,396189,1,HIGH
NMB-AGRI-01488,0.56640625,0.5583398590446359,True,2.1,1706000,51.5,0.45,395493,0,HIGH
NMB-AGRI-03431,0.572020725388601,0.5689655172413793,True,9.1,1753000,49.7,0.45,392336,1,MEDIUM
NMB-AGRI-04402,0.5649157581764123,0.5640031031807603,True,8.6,2176000,39.9,0.45,390787,0,MEDIUM
NMB-AGRI-01799,0.5387634936211972,0.5640031031807603,False,2.7,1748000,49.6,0.45,389831,1,MEDIUM
NMB-AGRI-03097,0.572020725388601,0.5689655172413793,True,2.2,1666000,51.7,0.45,387958,1,HIGH
NMB-AGRI-02678,0.56640625,0.5649671052631579,False,2.1,1755000,49.0,0.45,387277,0,MEDIUM
NMB-AGRI-00358,0.5387634936211972,0.5649671052631579,True,3.5,1628000,52.8,0.45,386492,1,HIGH
NMB-AGRI-02791,0.5649157581764123,0.5640031031807603,True,6.5,1482000,57.1,0.45,380619,1,HIGH
NMB-AGRI-02457,0.5387634936211972,0.5649671052631579,True,4.6,1674000,50.5,0.45,380583,1,HIGH
NMB-AGRI-01055,0.5788402848423194,0.5583398590446359,True,1.5,1661000,50.8,0.45,379890,1,HIGH
NMB-AGRI-03263,0.572020725388601,0.5583398590446359,True,5.6,3028000,27.9,0.45,379621,0,LOW
NMB-AGRI-02632,0.5788402848423194,0.5583398590446359,True,6.6,1321000,63.4,0.45,376820,1,HIGH
NMB-AGRI-01410,0.5788402848423194,0.5689655172413793,False,8.9,2383000,35.1,0.45,376262,1,MEDIUM
NMB-AGRI-03735,0.56640625,0.5640031031807603,False,1.0,1754000,47.6,0.45,375891,1,MEDIUM
NMB-AGRI-04547,0.5788402848423194,0.5583398590446359,True,8.2,1908000,43.7,0.45,375575,1,MEDIUM
NMB-AGRI-01955,0.5649157581764123,0.5583398590446359,False,8.9,2042000,40.7,0.45,374204,0,MEDIUM
NMB-AGRI-00053,0.56640625,0.5583398590446359,True,5.1,2063000,40.3,0.45,373744,0,MEDIUM
NMB-AGRI-01174,0.5649157581764123,0.5649671052631579,False,4.7,1339000,61.8,0.45,372458,0,HIGH
NMB-AGRI-00643,0.5788402848423194,0.5640031031807603,True,1.6,1466000,56.4,0.45,372395,1,HIGH
NMB-AGRI-02201,0.5788402848423194,0.5689655172413793,True,0.9,1219000,67.8,0.45,372170,0,HIGH
NMB-AGRI-00216,0.5649157581764123,0.5689655172413793,True,9.5,1690000,48.4,0.45,368292,1,MEDIUM
NMB-AGRI-04458,0.56640625,0.5689655172413793,False,5.2,1672000,48.9,0.45,367895,1,MEDIUM
NMB-AGRI-03212,0.56640625,0.5640031031807603,True,5.6,2129000,38.2,0.45,366231,0,MEDIUM
NMB-AGRI-02627,0.5788402848423194,0.5583398590446359,False,1.1,1442000,56.4,0.45,365882,1,HIGH
NMB-AGRI-00274,0.5788402848423194,0.5689655172413793,True,4.6,1850000,43.9,0.45,365136,0,MEDIUM
NMB-AGRI-02350,0.56640625,0.5689655172413793,False,1.7,1553000,52.0,0.45,363436,1,HIGH
NMB-AGRI-02843,0.5387634936211972,0.5649671052631579,True,2.8,1574000,51.2,0.45,362695,1,HIGH
NMB-AGRI-00992,0.5649157581764123,0.5649671052631579,True,2.6,1804000,44.6,0.45,362046,1,MEDIUM
NMB-AGRI-01453,0.5788402848423194,0.5689655172413793,True,7.7,2095000,38.2,0.45,360508,0,MEDIUM
NMB-AGRI-02909,0.56640625,0.5583398590446359,True,1.0,2664000,29.9,0.45,358465,1,LOW
NMB-AGRI-00491,0.56640625,0.5640031031807603,True,0.5,1583000,50.3,0.45,358067,1,HIGH
NMB-AGRI-02704,0.5649157581764123,0.5583398590446359,True,1.4,1796000,44.2,0.45,357584,1,MEDIUM
NMB-AGRI-01801,0.5649157581764123,0.5640031031807603,True,1.6,1530000,51.6,0.45,355433,0,HIGH
NMB-AGRI-01133,0.5649157581764123,0.5640031031807603,True,2.4,1580000,49.9,0.45,354730,0,MEDIUM
NMB-AGRI-01720,0.5649157581764123,0.5689655172413793,False,6.9,1735000,45.4,0.45,354684,1,MEDIUM
NMB-AGRI-02929,0.56640625,0.5583398590446359,True,2.4,1801000,43.7,0.45,353820,1,MEDIUM
NMB-AGRI-03855,0.56640625,0.5640031031807603,True,8.4,1604000,48.8,0.45,352418,0,MEDIUM
NMB-AGRI-01765,0.5788402848423194,0.5583398590446359,False,3.0,1488000,52.3,0.45,350343,0,HIGH
NMB-AGRI-02926,0.5649157581764123,0.5649671052631579,False,7.5,1575000,49.3,0.45,349622,1,MEDIUM
NMB-AGRI-01612,0.5387634936211972,0.5649671052631579,False,2.4,2058000,37.6,0.45,347914,0,MEDIUM
NMB-AGRI-01049,0.5387634936211972,0.5649671052631579,True,1.3,2422000,31.9,0.45,347555,0,MEDIUM
NMB-AGRI-03105,0.56640625,0.5649671052631579,True,8.4,1874000,40.7,0.45,343327,0,MEDIUM
NMB-AGRI-02139,0.5649157581764123,0.5649671052631579,False,10.0,1277000,59.1,0.45,339714,1,HIGH
NMB-AGRI-02026,0.5387634936211972,0.5583398590446359,False,4.9,1347000,55.8,0.45,338341,0,HIGH
NMB-AGRI-02637,0.5788402848423194,0.5649671052631579,True,1.6,1247000,59.9,0.45,336153,1,HIGH
NMB-AGRI-00893,0.5649157581764123,0.5640031031807603,False,5.2,1337000,55.7,0.45,335387,1,HIGH
NMB-AGRI-01770,0.5649157581764123,0.5649671052631579,True,7.6,1768000,42.1,0.45,334940,1,MEDIUM
NMB-AGRI-03102,0.5387634936211972,0.5689655172413793,True,8.3,1839000,40.4,0.45,334673,0,MEDIUM
NMB-AGRI-04935,0.5387634936211972,0.5640031031807603,True,7.0,1265000,58.6,0.45,333504,1,HIGH
NMB-AGRI-02901,0.572020725388601,0.5583398590446359,True,8.4,1689000,43.6,0.45,331357,0,MEDIUM
NMB-AGRI-03402,0.5387634936211972,0.5583398590446359,True,1.4,2434000,30.2,0.45,331171,0,MEDIUM
NMB-AGRI-02266,0.5788402848423194,0.5640031031807603,True,3.6,1372000,53.5,0.45,330509,0,HIGH
NMB-AGRI-03774,0.5788402848423194,0.5640031031807603,True,6.5,1559000,46.7,0.45,327599,1,MEDIUM
NMB-AGRI-03175,0.5788402848423194,0.5640031031807603,False,5.6,1466000,49.6,0.45,327285,1,MEDIUM
NMB-AGRI-01502,0.5649157581764123,0.5640031031807603,True,1.2,1201000,59.7,0.45,322727,1,HIGH
NMB-AGRI-03286,0.5387634936211972,0.5649671052631579,False,3.0,1788000,39.9,0.45,321410,1,MEDIUM
NMB-AGRI-01112,0.572020725388601,0.5689655172413793,True,5.0,1339000,53.3,0.45,321065,1,HIGH
NMB-AGRI-03125,0.572020725388601,0.5689655172413793,True,8.9,1786000,39.9,0.45,321061,1,MEDIUM
NMB-AGRI-03721,0.572020725388601,0.5649671052631579,False,5.6,1582000,45.0,0.45,320031,0,MEDIUM
NMB-AGRI-04074,0.56640625,0.5649671052631579,True,3.0,1641000,43.3,0.45,319901,1,MEDIUM
NMB-AGRI-00696,0.5649157581764123,0.5583398590446359,False,7.2,1532000,46.2,0.45,318320,1,MEDIUM
NMB-AGRI-04387,0.572020725388601,0.5583398590446359,False,0.6,1409000,50.2,0.45,318135,0,HIGH
NMB-AGRI-02701,0.5649157581764123,0.5583398590446359,False,1.1,2143000,32.8,0.45,316621,0,MEDIUM
NMB-AGRI-01753,0.56640625,0.5649671052631579,True,7.2,1810000,38.9,0.45,316510,1,MEDIUM
NMB-AGRI-04122,0.5788402848423194,0.5649671052631579,True,3.1,1277000,54.2,0.45,311188,1,HIGH
NMB-AGRI-04999,0.56640625,0.5583398590446359,True,3.4,1481000,46.7,0.45,310905,1,MEDIUM
NMB-AGRI-03373,0.5649157581764123,0.5689655172413793,True,7.1,1317000,52.4,0.45,310344,1,HIGH
NMB-AGRI-04849,0.5387634936211972,0.5649671052631579,False,4.1,1627000,41.7,0.45,305464,0,MEDIUM
NMB-AGRI-01125,0.5788402848423194,0.5583398590446359,True,6.7,1223000,55.2,0.45,303783,0,HIGH
NMB-AGRI-04855,0.56640625,0.5689655172413793,True,5.5,1720000,39.0,0.45,302160,1,MEDIUM
NMB-AGRI-04658,0.5788402848423194,0.5649671052631579,True,3.9,1900000,35.3,0.45,302077,0,MEDIUM
NMB-AGRI-03420,0.5649157581764123,0.5583398590446359,True,2.9,1556000,42.9,0.45,300449,0,MEDIUM
NMB-AGRI-00017,0.56640625,0.5640031031807603,True,2.0,1230000,54.1,0.45,299671,1,HIGH
NMB-AGRI-02062,0.5387634936211972,0.5640031031807603,True,8.2,1050000,63.2,0.45,298532,0,HIGH
NMB-AGRI-00672,0.56640625,0.5583398590446359,True,5.7,1666000,39.8,0.45,298256,1,MEDIUM
NMB-AGRI-03418,0.5649157581764123,0.5649671052631579,False,0.8,1381000,47.9,0.45,297590,1,MEDIUM
NMB-AGRI-00682,0.572020725388601,0.5640031031807603,True,0.9,1177000,56.1,0.45,297202,1,HIGH
NMB-AGRI-03577,0.5649157581764123,0.5640031031807603,False,6.4,1521000,43.3,0.45,296362,1,MEDIUM
NMB-AGRI-02305,0.572020725388601,0.5649671052631579,True,8.6,1264000,52.1,0.45,296107,0,HIGH
NMB-AGRI-01739,0.5649157581764123,0.5649671052631579,True,3.1,1571000,41.7,0.45,294909,1,MEDIUM
NMB-AGRI-02408,0.572020725388601,0.5640031031807603,True,9.6,1180000,55.5,0.45,294904,0,HIGH
NMB-AGRI-01866,0.572020725388601,0.5649671052631579,False,0.8,1392000,47.0,0.45,294709,1,MEDIUM
NMB-AGRI-00432,0.5649157581764123,0.5583398590446359,True,1.4,1504000,43.4,0.45,293731,1,MEDIUM
NMB-AGRI-02836,0.56640625,0.5583398590446359,False,4.4,1396000,46.7,0.45,293517,0,MEDIUM
NMB-AGRI-02237,0.5649157581764123,0.5583398590446359,True,8.2,1937000,33.3,0.45,289830,1,MEDIUM
NMB-AGRI-03332,0.5387634936211972,0.5640031031807603,True,3.4,1544000,41.6,0.45,289078,1,MEDIUM
NMB-AGRI-02812,0.5788402848423194,0.5649671052631579,False,1.3,1934000,33.2,0.45,289033,1,MEDIUM
NMB-AGRI-02282,0.5788402848423194,0.5640031031807603,False,7.8,1541000,41.6,0.45,288421,1,MEDIUM
NMB-AGRI-01430,0.572020725388601,0.5583398590446359,False,8.8,1162000,55.1,0.45,288266,0,HIGH
NMB-AGRI-04869,0.5387634936211972,0.5649671052631579,True,8.5,1298000,49.0,0.45,286462,1,MEDIUM
NMB-AGRI-03417,0.5387634936211972,0.5583398590446359,True,5.3,1881000,33.7,0.45,285318,1,MEDIUM
NMB-AGRI-03479,0.5788402848423194,0.5689655172413793,False,6.2,1239000,51.0,0.45,284463,0,HIGH
NMB-AGRI-02555,0.5387634936211972,0.5583398590446359,False,3.7,1193000,52.6,0.45,282223,0,HIGH
NMB-AGRI-01780,0.5649157581764123,0.5649671052631579,True,2.1,1574000,39.7,0.45,281324,1,MEDIUM
NMB-AGRI-04231,0.5788402848423194,0.5649671052631579,False,1.2,1266000,49.2,0.45,280159,0,MEDIUM
NMB-AGRI-04345,0.5387634936211972,0.5689655172413793,True,5.9,1810000,34.4,0.45,279926,1,MEDIUM
NMB-AGRI-00451,0.5649157581764123,0.5583398590446359,True,1.7,1399000,44.3,0.45,279039,0,MEDIUM
NMB-AGRI-04987,0.5788402848423194,0.5640031031807603,True,3.6,1384000,44.8,0.45,278832,0,MEDIUM
NMB-AGRI-04139,0.572020725388601,0.5649671052631579,False,1.5,2333000,26.5,0.45,278361,0,LOW
NMB-AGRI-04778,0.56640625,0.5640031031807603,False,7.0,1388000,44.3,0.45,276754,1,MEDIUM
NMB-AGRI-03396,0.56640625,0.5583398590446359,False,4.7,1019000,59.6,0.45,273367,0,HIGH
NMB-AGRI-02988,0.56640625,0.5583398590446359,True,3.0,1387000,43.5,0.45,271473,1,MEDIUM
NMB-AGRI-02541,0.5788402848423194,0.5649671052631579,True,8.2,1216000,48.8,0.45,267227,1,MEDIUM
NMB-AGRI-00083,0.56640625,0.5583398590446359,True,3.2,1397000,42.3,0.45,265642,1,MEDIUM
NMB-AGRI-00162,0.56640625,0.5689655172413793,True,1.2,1167000,50.3,0.45,264043,1,HIGH
NMB-AGRI-04833,0.56640625,0.5689655172413793,False,7.8,956000,60.8,0.45,261443,0,HIGH
NMB-AGRI-03826,0.5387634936211972,0.5640031031807603,False,0.7,1434000,40.2,0.45,259365,0,MEDIUM
NMB-AGRI-04451,0.572020725388601,0.5649671052631579,False,3.1,1534000,37.6,0.45,259333,1,MEDIUM
NMB-AGRI-03004,0.572020725388601,0.5640031031807603,True,7.3,1150000,50.1,0.45,259130,0,HIGH
NMB-AGRI-04551,0.5788402848423194,0.5640031031807603,True,9.0,1309000,44.0,0.45,259028,1,MEDIUM
NMB-AGRI-01021,0.5387634936211972,0.5689655172413793,True,9.9,1893000,30.4,0.45,258847,1,MEDIUM
NMB-AGRI-01726,0.5788402848423194,0.5689655172413793,False,3.5,1226000,46.3,0.45,255698,1,MEDIUM
NMB-AGRI-03931,0.56640625,0.5649671052631579,True,7.0,1243000,45.7,0.45,255590,0,MEDIUM
NMB-AGRI-01082,0.572020725388601,0.5583398590446359,True,1.5,1271000,44.5,0.45,254632,0,MEDIUM
NMB-AGRI-02712,0.56640625,0.5640031031807603,False,7.8,1083000,52.1,0.45,253987,0,HIGH
NMB-AGRI-00070,0.5387634936211972,0.5649671052631579,False,4.4,1123000,49.8,0.45,251662,1,MEDIUM
NMB-AGRI-01126,0.5649157581764123,0.5583398590446359,True,1.3,1099000,50.9,0.45,251560,0,HIGH
NMB-AGRI-01733,0.56640625,0.5583398590446359,False,9.0,1652000,33.4,0.45,248425,1,MEDIUM
NMB-AGRI-03625,0.572020725388601,0.5689655172413793,True,8.4,903000,59.2,0.45,240587,1,HIGH
NMB-AGRI-01191,0.5387634936211972,0.5640031031807603,True,7.6,918000,58.2,0.45,240475,0,HIGH
NMB-AGRI-04879,0.572020725388601,0.5583398590446359,False,1.0,1463000,35.9,0.45,236535,1,MEDIUM
NMB-AGRI-04730,0.5387634936211972,0.5640031031807603,False,8.7,984000,53.2,0.45,235725,0,HIGH
NMB-AGRI-03776,0.5788402848423194,0.5583398590446359,False,2.2,1322000,39.5,0.45,234999,0,MEDIUM
NMB-AGRI-04594,0.572020725388601,0.5583398590446359,True,7.7,1069000,48.6,0.45,233597,1,MEDIUM
NMB-AGRI-04856,0.572020725388601,0.5583398590446359,True,3.9,855000,60.2,0.45,231762,0,HIGH
NMB-AGRI-02091,0.572020725388601,0.5689655172413793,True,1.8,1316000,39.1,0.45,231355,0,MEDIUM
NMB-AGRI-02276,0.56640625,0.5583398590446359,True,1.3,1542000,33.3,0.45,230771,1,MEDIUM
NMB-AGRI-00913,0.5387634936211972,0.5640031031807603,False,3.1,1046000,48.3,0.45,227136,1,MEDIUM
NMB-AGRI-03602,0.5788402848423194,0.5649671052631579,True,4.8,1476000,34.2,0.45,227100,0,MEDIUM
NMB-AGRI-01186,0.5387634936211972,0.5649671052631579,True,3.3,1004000,50.3,0.45,227037,1,HIGH
NMB-AGRI-03611,0.56640625,0.5583398590446359,False,1.0,1099000,45.9,0.45,227004,1,MEDIUM
NMB-AGRI-04496,0.572020725388601,0.5583398590446359,False,9.8,1015000,49.6,0.45,226762,0,MEDIUM
NMB-AGRI-01992,0.5788402848423194,0.5640031031807603,True,6.4,929000,54.1,0.45,226004,1,HIGH
NMB-AGRI-04792,0.56640625,0.5640031031807603,False,8.2,1298000,38.7,0.45,225758,1,MEDIUM
NMB-AGRI-04428,0.56640625,0.5583398590446359,True,8.3,1737000,28.8,0.45,225075,0,LOW
NMB-AGRI-04147,0.5788402848423194,0.5689655172413793,True,1.4,925000,53.8,0.45,224024,1,HIGH
NMB-AGRI-00390,0.5387634936211972,0.5583398590446359,False,5.2,826000,60.3,0.45,224024,1,HIGH
NMB-AGRI-02855,0.5788402848423194,0.5689655172413793,False,0.9,759000,65.5,0.45,223842,1,HIGH
NMB-AGRI-02605,0.5788402848423194,0.5689655172413793,False,7.3,953000,52.1,0.45,223366,1,HIGH
NMB-AGRI-03898,0.5649157581764123,0.5640031031807603,False,4.9,1204000,41.1,0.45,222875,0,MEDIUM
NMB-AGRI-03150,0.5387634936211972,0.5649671052631579,True,5.6,1089000,45.2,0.45,221401,0,MEDIUM
NMB-AGRI-02938,0.5387634936211972,0.5649671052631579,True,5.7,1076000,45.6,0.45,220855,0,MEDIUM
NMB-AGRI-01388,0.5788402848423194,0.5649671052631579,True,5.7,1002000,49.0,0.45,220755,1,MEDIUM
NMB-AGRI-03811,0.5788402848423194,0.5649671052631579,False,5.0,1051000,46.2,0.45,218363,0,MEDIUM
NMB-AGRI-02397,0.5387634936211972,0.5649671052631579,True,0.6,1519000,31.7,0.45,216547,1,MEDIUM
NMB-AGRI-02888,0.5788402848423194,0.5583398590446359,True,3.4,825000,58.2,0.45,216173,1,HIGH
NMB-AGRI-00959,0.5387634936211972,0.5640031031807603,True,3.4,1144000,41.9,0.45,215800,0,MEDIUM
NMB-AGRI-04728,0.56640625,0.5640031031807603,True,9.8,1438000,33.3,0.45,215746,1,MEDIUM
NMB-AGRI-02940,0.56640625,0.5649671052631579,False,10.0,906000,52.6,0.45,214534,1,HIGH
NMB-AGRI-01404,0.5387634936211972,0.5649671052631579,True,4.1,1583000,29.5,0.45,209909,1,LOW
NMB-AGRI-01721,0.5788402848423194,0.5649671052631579,True,2.1,722000,64.6,0.45,209868,0,HIGH
NMB-AGRI-04312,0.56640625,0.5583398590446359,True,5.9,1058000,43.6,0.45,207748,1,MEDIUM
NMB-AGRI-00211,0.5649157581764123,0.5640031031807603,False,5.2,807000,57.1,0.45,207237,1,HIGH
NMB-AGRI-02597,0.5387634936211972,0.5583398590446359,False,3.2,965000,47.7,0.45,207220,1,MEDIUM
NMB-AGRI-01703,0.572020725388601,0.5583398590446359,True,5.9,625000,73.2,0.45,205774,0,VERY_HIGH
NMB-AGRI-04332,0.5788402848423194,0.5689655172413793,False,8.0,1094000,41.7,0.45,205317,1,MEDIUM
NMB-AGRI-00882,0.5788402848423194,0.5689655172413793,False,4.0,889000,51.0,0.45,203938,0,HIGH
NMB-AGRI-03107,0.5788402848423194,0.5649671052631579,False,9.9,893000,50.6,0.45,203520,0,HIGH
NMB-AGRI-04207,0.5788402848423194,0.5689655172413793,False,7.2,1135000,39.8,0.45,203452,0,MEDIUM
NMB-AGRI-03876,0.572020725388601,0.5583398590446359,False,8.7,1149000,39.1,0.45,202288,1,MEDIUM
NMB-AGRI-00024,0.5387634936211972,0.5649671052631579,True,7.5,880000,51.1,0.45,202190,1,HIGH
NMB-AGRI-02321,0.56640625,0.5689655172413793,True,0.6,887000,49.9,0.45,199080,0,MEDIUM
NMB-AGRI-03873,0.572020725388601,0.5689655172413793,True,1.3,967000,45.4,0.45,197396,0,MEDIUM
NMB-AGRI-00935,0.5387634936211972,0.5689655172413793,False,8.4,629000,69.6,0.45,196982,0,HIGH
NMB-AGRI-01339,0.56640625,0.5583398590446359,True,1.6,1047000,41.6,0.45,196156,0,MEDIUM
NMB-AGRI-02008,0.572020725388601,0.5640031031807603,True,4.0,936000,46.1,0.45,194123,1,MEDIUM
NMB-AGRI-01576,0.572020725388601,0.5649671052631579,True,6.3,674000,63.8,0.45,193556,0,HIGH
NMB-AGRI-04830,0.5649157581764123,0.5649671052631579,False,8.9,935000,45.9,0.45,193208,0,MEDIUM
NMB-AGRI-00964,0.5788402848423194,0.5583398590446359,True,3.4,1011000,42.3,0.45,192395,1,MEDIUM
NMB-AGRI-00857,0.5649157581764123,0.5583398590446359,False,8.0,1105000,38.7,0.45,192378,1,MEDIUM
NMB-AGRI-03940,0.5788402848423194,0.5583398590446359,True,6.3,717000,59.6,0.45,192321,0,HIGH
NMB-AGRI-01243,0.572020725388601,0.5649671052631579,True,2.1,982000,43.4,0.45,191731,0,MEDIUM
NMB-AGRI-00309,0.56640625,0.5583398590446359,True,4.3,994000,42.8,0.45,191470,0,MEDIUM
NMB-AGRI-04495,0.5387634936211972,0.5583398590446359,True,3.6,790000,53.8,0.45,191223,1,HIGH
NMB-AGRI-03457,0.5649157581764123,0.5689655172413793,False,4.7,597000,70.9,0.45,190368,1,VERY_HIGH
NMB-AGRI-02036,0.5649157581764123,0.5640031031807603,True,8.4,1155000,36.6,0.45,190112,0,MEDIUM
NMB-AGRI-02979,0.56640625,0.5649671052631579,True,2.5,914000,45.9,0.45,188888,1,MEDIUM
NMB-AGRI-02195,0.5649157581764123,0.5640031031807603,True,2.2,941000,44.5,0.45,188432,0,MEDIUM
NMB-AGRI-02973,0.5649157581764123,0.5583398590446359,True,0.9,1011000,40.9,0.45,186260,1,MEDIUM
NMB-AGRI-01289,0.56640625,0.5583398590446359,False,5.1,644000,64.1,0.45,185667,0,HIGH
NMB-AGRI-01167,0.56640625,0.5640031031807603,True,0.6,1136000,36.3,0.45,185363,1,MEDIUM
NMB-AGRI-00528,0.56640625,0.5689655172413793,False,2.2,931000,44.1,0.45,184814,0,MEDIUM
NMB-AGRI-04213,0.5649157581764123,0.5583398590446359,False,0.8,1158000,35.4,0.45,184543,1,MEDIUM
NMB-AGRI-03942,0.5387634936211972,0.5689655172413793,True,6.2,1152000,35.6,0.45,184312,0,MEDIUM
NMB-AGRI-04852,0.5387634936211972,0.5689655172413793,False,7.6,601000,66.6,0.45,180186,1,HIGH
NMB-AGRI-00224,0.5387634936211972,0.5689655172413793,True,2.5,1224000,32.7,0.45,180145,1,MEDIUM
NMB-AGRI-02229,0.5788402848423194,0.5640031031807603,False,1.3,650000,61.6,0.45,180045,1,HIGH
NMB-AGRI-03372,0.5387634936211972,0.5689655172413793,True,1.7,1287000,31.0,0.45,179709,1,MEDIUM
NMB-AGRI-03075,0.572020725388601,0.5689655172413793,True,1.9,752000,52.1,0.45,176395,1,HIGH
NMB-AGRI-02242,0.5649157581764123,0.5689655172413793,True,9.6,890000,43.7,0.45,174958,0,MEDIUM
NMB-AGRI-01369,0.5788402848423194,0.5640031031807603,True,2.6,779000,49.6,0.45,173899,0,MEDIUM
NMB-AGRI-04408,0.56640625,0.5649671052631579,True,0.9,797000,48.3,0.45,173311,1,MEDIUM
NMB-AGRI-04882,0.56640625,0.5640031031807603,True,4.4,1087000,35.2,0.45,172411,0,MEDIUM
NMB-AGRI-04908,0.5649157581764123,0.5583398590446359,False,0.9,1011000,37.7,0.45,171436,1,MEDIUM
NMB-AGRI-00604,0.5788402848423194,0.5583398590446359,True,6.4,779000,48.6,0.45,170200,0,MEDIUM
NMB-AGRI-02171,0.5387634936211972,0.5689655172413793,False,2.9,685000,55.2,0.45,170078,0,HIGH
NMB-AGRI-04807,0.5387634936211972,0.5583398590446359,True,9.1,686000,55.0,0.45,169865,0,HIGH
NMB-AGRI-02586,0.5788402848423194,0.5640031031807603,True,6.1,765000,49.2,0.45,169526,1,MEDIUM
NMB-AGRI-04878,0.572020725388601,0.5649671052631579,True,4.6,745000,50.5,0.45,169403,1,HIGH
NMB-AGRI-02728,0.572020725388601,0.5640031031807603,False,2.9,849000,44.1,0.45,168635,0,MEDIUM
NMB-AGRI-03988,0.5387634936211972,0.5583398590446359,True,9.6,1003000,37.4,0.45,168594,0,MEDIUM
NMB-AGRI-01228,0.5788402848423194,0.5649671052631579,False,7.3,694000,54.0,0.45,168505,1,HIGH
NMB-AGRI-02458,0.5387634936211972,0.5583398590446359,False,5.6,668000,55.8,0.45,167611,1,HIGH
NMB-AGRI-00452,0.56640625,0.5640031031807603,False,2.8,846000,43.0,0.45,163785,1,MEDIUM
NMB-AGRI-02619,0.56640625,0.5689655172413793,False,1.5,553000,65.8,0.45,163713,0,HIGH
NMB-AGRI-00631,0.5387634936211972,0.5640031031807603,True,4.8,963000,37.8,0.45,163690,1,MEDIUM
NMB-AGRI-01972,0.572020725388601,0.5689655172413793,True,3.9,616000,58.8,0.45,162926,0,HIGH
NMB-AGRI-03427,0.56640625,0.5583398590446359,False,4.0,822000,43.8,0.45,162032,0,MEDIUM
NMB-AGRI-04269,0.5387634936211972,0.5689655172413793,True,0.7,605000,59.5,0.45,162003,1,HIGH
NMB-AGRI-03527,0.5387634936211972,0.5640031031807603,False,7.2,693000,51.9,0.45,161833,1,HIGH
NMB-AGRI-03455,0.56640625,0.5640031031807603,True,10.0,763000,46.3,0.45,159077,1,MEDIUM
NMB-AGRI-02604,0.5649157581764123,0.5649671052631579,True,7.1,975000,36.0,0.45,157960,0,MEDIUM
NMB-AGRI-00154,0.5788402848423194,0.5649671052631579,True,3.1,723000,48.3,0.45,157005,1,MEDIUM
NMB-AGRI-04564,0.572020725388601,0.5640031031807603,True,8.5,947000,36.6,0.45,156162,1,MEDIUM
NMB-AGRI-04742,0.5788402848423194,0.5583398590446359,False,7.3,877000,39.4,0.45,155536,1,MEDIUM
NMB-AGRI-02768,0.5387634936211972,0.5689655172413793,True,1.9,1263000,27.3,0.45,155182,1,LOW
NMB-AGRI-04016,0.572020725388601,0.5689655172413793,True,7.8,566000,60.8,0.45,154761,0,HIGH
NMB-AGRI-01154,0.572020725388601,0.5583398590446359,True,3.8,762000,44.7,0.45,153360,0,MEDIUM
NMB-AGRI-04237,0.5387634936211972,0.5583398590446359,False,7.4,656000,51.8,0.45,153028,1,HIGH
NMB-AGRI-03486,0.5788402848423194,0.5689655172413793,True,5.7,786000,42.6,0.45,150635,0,MEDIUM
NMB-AGRI-04208,0.5788402848423194,0.5689655172413793,True,6.4,518000,64.4,0.45,150015,0,HIGH
NMB-AGRI-03470,0.572020725388601,0.5583398590446359,True,5.3,497000,66.6,0.45,149035,1,HIGH
NMB-AGRI-02125,0.572020725388601,0.5689655172413793,True,7.6,567000,58.4,0.45,148987,1,HIGH
NMB-AGRI-03226,0.5788402848423194,0.5649671052631579,True,9.4,559000,58.7,0.45,147646,1,HIGH
NMB-AGRI-04256,0.5649157581764123,0.5640031031807603,False,6.6,594000,54.8,0.45,146409,1,HIGH
NMB-AGRI-02809,0.56640625,0.5583398590446359,True,7.2,788000,41.2,0.45,146093,1,MEDIUM
NMB-AGRI-00115,0.56640625,0.5640031031807603,True,8.0,703000,45.5,0.45,143949,0,MEDIUM
NMB-AGRI-00204,0.5649157581764123,0.5583398590446359,True,3.0,1020000,31.2,0.45,143249,1,MEDIUM
NMB-AGRI-04394,0.5387634936211972,0.5583398590446359,False,7.6,658000,48.0,0.45,142214,0,MEDIUM
NMB-AGRI-02668,0.5788402848423194,0.5583398590446359,False,8.7,621000,50.8,0.45,141884,1,HIGH
NMB-AGRI-04887,0.56640625,0.5649671052631579,False,5.1,403000,76.6,0.45,138970,1,VERY_HIGH
NMB-AGRI-00872,0.5387634936211972,0.5689655172413793,False,6.5,413000,74.5,0.45,138465,1,VERY_HIGH
NMB-AGRI-00971,0.56640625,0.5649671052631579,False,7.7,652000,47.1,0.45,138285,1,MEDIUM
NMB-AGRI-03227,0.5649157581764123,0.5583398590446359,True,9.0,859000,35.7,0.45,137925,0,MEDIUM
NMB-AGRI-01771,0.5387634936211972,0.5689655172413793,True,3.6,538000,56.6,0.45,137106,0,HIGH
NMB-AGRI-00359,0.56640625,0.5640031031807603,True,9.7,555000,54.4,0.45,135827,0,HIGH
NMB-AGRI-03058,0.5788402848423194,0.5583398590446359,False,5.9,908000,33.2,0.45,135592,1,MEDIUM
NMB-AGRI-02511,0.5788402848423194,0.5649671052631579,False,1.4,590000,50.8,0.45,135005,1,HIGH
NMB-AGRI-02018,0.5649157581764123,0.5640031031807603,True,3.7,635000,46.4,0.45,132556,1,MEDIUM
NMB-AGRI-04557,0.56640625,0.5640031031807603,False,1.9,504000,57.9,0.45,131304,1,HIGH
NMB-AGRI-01132,0.56640625,0.5583398590446359,False,9.4,553000,52.6,0.45,130959,1,HIGH
NMB-AGRI-03478,0.56640625,0.5640031031807603,True,4.4,686000,42.4,0.45,130865,0,MEDIUM
NMB-AGRI-00740,0.572020725388601,0.5689655172413793,False,6.3,494000,58.7,0.45,130416,1,HIGH
NMB-AGRI-03939,0.5649157581764123,0.5583398590446359,False,3.2,489000,59.0,0.45,129741,1,HIGH
NMB-AGRI-00796,0.56640625,0.5583398590446359,True,7.8,597000,48.1,0.45,129344,1,MEDIUM
NMB-AGRI-02867,0.5649157581764123,0.5649671052631579,False,3.6,482000,59.5,0.45,129154,0,HIGH
NMB-AGRI-01161,0.5387634936211972,0.5649671052631579,False,2.2,545000,52.3,0.45,128233,1,HIGH
NMB-AGRI-02852,0.5649157581764123,0.5583398590446359,False,1.9,559000,50.6,0.45,127315,1,HIGH
NMB-AGRI-01649,0.5649157581764123,0.5649671052631579,False,1.1,441000,64.1,0.45,127284,0,HIGH
NMB-AGRI-00127,0.5649157581764123,0.5640031031807603,True,0.9,455000,62.1,0.45,127125,1,HIGH
NMB-AGRI-01396,0.572020725388601,0.5689655172413793,True,3.7,533000,53.0,0.45,127093,0,HIGH
NMB-AGRI-00785,0.5387634936211972,0.5689655172413793,True,4.2,498000,56.2,0.45,125994,1,HIGH
NMB-AGRI-01940,0.572020725388601,0.5649671052631579,False,1.5,990000,28.2,0.45,125541,1,LOW
NMB-AGRI-04723,0.56640625,0.5640031031807603,True,4.6,765000,36.3,0.45,125133,0,MEDIUM
NMB-AGRI-04457,0.5649157581764123,0.5583398590446359,True,7.0,583000,47.6,0.45,124891,1,MEDIUM
NMB-AGRI-01176,0.572020725388601,0.5583398590446359,False,8.4,449000,60.9,0.45,122997,0,HIGH
NMB-AGRI-04353,0.56640625,0.5649671052631579,True,4.0,730000,37.1,0.45,121814,1,MEDIUM
NMB-AGRI-01235,0.56640625,0.5640031031807603,False,9.3,528000,50.4,0.45,119652,1,HIGH
NMB-AGRI-04624,0.5649157581764123,0.5583398590446359,False,8.3,583000,45.4,0.45,119127,1,MEDIUM
NMB-AGRI-03195,0.56640625,0.5689655172413793,True,2.1,570000,46.4,0.45,118950,1,MEDIUM
NMB-AGRI-04907,0.5649157581764123,0.5649671052631579,True,9.8,663000,39.8,0.45,118739,1,MEDIUM
NMB-AGRI-02554,0.5649157581764123,0.5649671052631579,True,2.3,717000,36.8,0.45,118621,0,MEDIUM
NMB-AGRI-02255,0.5649157581764123,0.5689655172413793,True,3.5,618000,42.3,0.45,117620,1,MEDIUM
NMB-AGRI-02428,0.5649157581764123,0.5649671052631579,True,9.3,497000,52.3,0.45,116864,0,HIGH
NMB-AGRI-04083,0.56640625,0.5689655172413793,True,2.4,483000,52.8,0.45,114797,1,HIGH
NMB-AGRI-04837,0.5649157581764123,0.5649671052631579,False,0.6,534000,47.1,0.45,113301,0,MEDIUM
NMB-AGRI-02485,0.56640625,0.5689655172413793,True,2.4,575000,43.6,0.45,112884,0,MEDIUM
NMB-AGRI-04828,0.572020725388601,0.5640031031807603,True,2.8,565000,44.1,0.45,112107,1,MEDIUM
NMB-AGRI-02159,0.56640625,0.5689655172413793,True,7.0,577000,42.0,0.45,109049,1,MEDIUM
NMB-AGRI-00921,0.56640625,0.5640031031807603,True,8.9,405000,58.8,0.45,107223,0,HIGH
NMB-AGRI-04077,0.5649157581764123,0.5689655172413793,False,3.6,352000,65.7,0.45,104110,0,HIGH
NMB-AGRI-04536,0.5649157581764123,0.5649671052631579,True,7.2,502000,46.0,0.45,103898,0,MEDIUM
NMB-AGRI-04521,0.56640625,0.5689655172413793,True,3.7,625000,36.7,0.45,103265,0,MEDIUM
NMB-AGRI-04260,0.5387634936211972,0.5640031031807603,True,4.8,389000,58.3,0.45,101990,0,HIGH
NMB-AGRI-03696,0.56640625,0.5649671052631579,True,4.5,487000,46.0,0.45,100904,1,MEDIUM
NMB-AGRI-03739,0.5387634936211972,0.5583398590446359,True,9.0,423000,52.7,0.45,100375,0,HIGH
NMB-AGRI-00002,0.5788402848423194,0.5689655172413793,True,4.4,568000,39.0,0.45,99561,0,MEDIUM
NMB-AGRI-04928,0.5387634936211972,0.5640031031807603,True,7.4,435000,50.3,0.45,98474,1,HIGH
NMB-AGRI-00587,0.5387634936211972,0.5640031031807603,False,5.7,339000,64.5,0.45,98356,0,HIGH
NMB-AGRI-01989,0.572020725388601,0.5583398590446359,True,8.7,539000,40.5,0.45,98173,0,MEDIUM
NMB-AGRI-04286,0.56640625,0.5583398590446359,True,9.2,881000,24.7,0.45,97801,0,LOW
NMB-AGRI-00556,0.5788402848423194,0.5640031031807603,False,4.3,377000,56.4,0.45,95670,0,HIGH
NMB-AGRI-01927,0.5788402848423194,0.5583398590446359,True,9.6,920000,22.4,0.45,92635,0,LOW
NMB-AGRI-03641,0.5788402848423194,0.5689655172413793,True,9.9,416000,49.3,0.45,92222,0,MEDIUM
NMB-AGRI-03846,0.572020725388601,0.5689655172413793,True,0.8,583000,34.8,0.45,91428,0,MEDIUM
NMB-AGRI-01267,0.56640625,0.5649671052631579,True,8.8,346000,58.7,0.45,91369,0,HIGH
NMB-AGRI-00906,0.56640625,0.5689655172413793,False,6.2,290000,68.6,0.45,89460,0,HIGH
NMB-AGRI-00435,0.5649157581764123,0.5583398590446359,False,8.8,843000,23.5,0.45,89242,1,LOW
NMB-AGRI-01146,0.5788402848423194,0.5649671052631579,True,7.4,428000,45.8,0.45,88219,0,MEDIUM
NMB-AGRI-00918,0.56640625,0.5640031031807603,True,9.7,350000,54.5,0.45,85775,0,HIGH
NMB-AGRI-02213,0.5387634936211972,0.5689655172413793,True,5.2,467000,40.8,0.45,85648,0,MEDIUM
NMB-AGRI-04311,0.5788402848423194,0.5649671052631579,False,3.1,328000,56.3,0.45,83044,1,HIGH
NMB-AGRI-00121,0.5649157581764123,0.5640031031807603,True,2.8,388000,47.2,0.45,82481,1,MEDIUM
NMB-AGRI-00925,0.5788402848423194,0.5640031031807603,True,1.5,339000,52.9,0.45,80733,1,HIGH
NMB-AGRI-04692,0.572020725388601,0.5640031031807603,False,4.8,299000,60.0,0.45,80684,1,HIGH
NMB-AGRI-04765,0.56640625,0.5649671052631579,True,10.0,427000,41.8,0.45,80405,0,MEDIUM
NMB-AGRI-00063,0.572020725388601,0.5640031031807603,True,7.0,488000,36.0,0.45,79135,0,MEDIUM
NMB-AGRI-00734,0.5387634936211972,0.5640031031807603,False,8.0,409000,42.8,0.45,78747,0,MEDIUM
NMB-AGRI-01543,0.5788402848423194,0.5649671052631579,True,1.4,249000,69.1,0.45,77465,0,HIGH
NMB-AGRI-04317,0.56640625,0.5689655172413793,False,8.3,258000,66.7,0.45,77386,0,HIGH
NMB-AGRI-00735,0.572020725388601,0.5583398590446359,False,5.1,265000,63.6,0.45,75819,1,HIGH
NMB-AGRI-01473,0.56640625,0.5640031031807603,False,2.4,335000,49.0,0.45,73872,1,MEDIUM
NMB-AGRI-02959,0.5387634936211972,0.5583398590446359,False,9.6,272000,58.8,0.45,71941,0,HIGH
NMB-AGRI-02825,0.5788402848423194,0.5689655172413793,False,7.3,336000,47.5,0.45,71785,1,MEDIUM
NMB-AGRI-01550,0.56640625,0.5689655172413793,False,4.6,311000,50.8,0.45,71115,0,HIGH
NMB-AGRI-00809,0.56640625,0.5689655172413793,True,4.1,619000,25.2,0.45,70223,1,LOW
NMB-AGRI-04522,0.56640625,0.5689655172413793,True,4.2,320000,48.7,0.45,70115,1,MEDIUM
NMB-AGRI-01238,0.5387634936211972,0.5583398590446359,False,5.9,267000,56.8,0.45,68263,1,HIGH
NMB-AGRI-02421,0.572020725388601,0.5689655172413793,False,1.8,356000,41.9,0.45,67186,1,MEDIUM
NMB-AGRI-01472,0.5788402848423194,0.5640031031807603,False,8.3,277000,52.6,0.45,65574,0,HIGH
NMB-AGRI-02322,0.56640625,0.5689655172413793,True,3.5,311000,46.4,0.45,64895,0,MEDIUM
NMB-AGRI-00323,0.5387634936211972,0.5583398590446359,True,2.0,379000,38.0,0.45,64892,1,MEDIUM
NMB-AGRI-03163,0.5387634936211972,0.5689655172413793,True,7.1,425000,30.7,0.45,58725,1,MEDIUM
NMB-AGRI-03912,0.56640625,0.5583398590446359,False,8.5,237000,53.9,0.45,57534,1,HIGH
NMB-AGRI-03334,0.5788402848423194,0.5583398590446359,False,4.2,286000,44.4,0.45,57165,1,MEDIUM
NMB-AGRI-04407,0.56640625,0.5640031031807603,True,9.0,307000,41.0,0.45,56689,0,MEDIUM
NMB-AGRI-03748,0.56640625,0.5640031031807603,True,4.7,295000,42.2,0.45,56067,1,MEDIUM
NMB-AGRI-03472,0.572020725388601,0.5640031031807603,True,8.8,246000,50.5,0.45,55912,0,HIGH
NMB-AGRI-04363,0.56640625,0.5689655172413793,True,9.1,237000,51.4,0.45,54770,1,HIGH
NMB-AGRI-02740,0.56640625,0.5583398590446359,True,1.5,326000,36.0,0.45,52790,0,MEDIUM
NMB-AGRI-01081,0.5788402848423194,0.5583398590446359,True,8.2,372000,29.2,0.45,48937,0,LOW
NMB-AGRI-04701,0.5788402848423194,0.5583398590446359,True,0.9,246000,43.8,0.45,48440,1,MEDIUM
NMB-AGRI-04946,0.5788402848423194,0.5649671052631579,False,7.1,245000,41.9,0.45,46167,0,MEDIUM
NMB-AGRI-04752,0.572020725388601,0.5649671052631579,True,3.4,232000,44.1,0.45,45989,0,MEDIUM
NMB-AGRI-01319,0.572020725388601,0.5649671052631579,True,6.2,294000,33.9,0.45,44838,1,MEDIUM
NMB-AGRI-01874,0.5387634936211972,0.5689655172413793,True,3.5,228000,43.6,0.45,44693,0,MEDIUM
NMB-AGRI-04665,0.572020725388601,0.5640031031807603,True,4.7,288000,33.7,0.45,43615,1,MEDIUM
NMB-AGRI-02928,0.56640625,0.5583398590446359,True,9.7,216000,44.4,0.45,43199,0,MEDIUM
NMB-AGRI-02241,0.56640625,0.5649671052631579,True,3.5,269000,35.4,0.45,42877,1,MEDIUM
